mention,fichier,annotation,genre,nombre,N°Phrase,CT
l'oeuvre de Piaget,ling_bronckartCTS,GND,féminin,singulier,58,1
Piaget,ling_bronckartCTS,NPr,masculin,singulier,58,1
il,ling_bronckartCTS,Pronpers,masculin,singulier,61,1
Il,ling_bronckartCTS,Pronpers,masculin,singulier,62,1
Piaget,ling_bronckartCTS,NPr,masculin,singulier,63,1
Piaget,ling_bronckartCTS,NPr,masculin,singulier,63,1
il,ling_bronckartCTS,Pronpers,masculin,singulier,64,1
L'auteur,ling_bronckartCTS,GND,masculin,singulier,67,1
Il,ling_bronckartCTS,Pronpers,masculin,singulier,68,1
Piaget,ling_bronckartCTS,NPr,masculin,singulier,72,1
Saussure,ling_bronckartCTS,NPr,masculin,singulier,76,2
Il,ling_bronckartCTS,Pronpers,masculin,singulier,86,2
Il,ling_bronckartCTS,Pronpers,masculin,singulier,86,2
Saussure,ling_bronckartCTS,NPr,masculin,singulier,89,2
Saussure,ling_bronckartCTS,NPr,masculin,singulier,89,2
Il,ling_bronckartCTS,Pronpers,masculin,singulier,90,2
Saussure,ling_bronckartCTS,NPr,masculin,singulier,93,2
il,ling_bronckartCTS,Pronpers,masculin,singulier,98,2
la position de Saussure,ling_bronckartCTS,GND,féminin,singulier,105,2
il,ling_bronckartCTS,Pronpers,masculin,singulier,106,2
Voloshinov,ling_bronckartCTS,NPr,masculin,singulier,120,3
cet auteur,ling_bronckartCTS,GNDem,masculin,singulier,121,3
Il,ling_bronckartCTS,Pronpers,masculin,singulier,123,3
pour Voloshinov,ling_bronckartCTS,NPr,masculin,singulier,125,3
Il,ling_bronckartCTS,Pronpers,masculin,singulier,126,3
il,ling_bronckartCTS,Pronpers,masculin,singulier,126,3
l'approche de Voloshinov,ling_bronckartCTS,GND,féminin,singulier,127,3
cette étude,geop_19CTS,GNDem,féminin,singulier,13,1
Un tel travail,geop_19CTS,GNI,masculin,singulier,22,1
Cette étude,geop_19CTS,GNDem,féminin,singulier,23,1
les parlementaires,geop_19CTS,GND,masculin,pluriel,23,2
le Congrès,geop_19CTS,NPr,masculin,singulier,59,2
les parlementaires,geop_19CTS,GND,masculin,pluriel,61,2
le Congrès,geop_19CTS,NPr,masculin,singulier,67,2
cette harmonie,geop_19CTS,GNDem,féminin,singulier,135,3
L'harmonie,geop_19CTS,GND,féminin,singulier,139,3
Les réactions du président,geop_19CTS,GND,masculin,pluriel,161,4
il,geop_19CTS,Pronpers,masculin,singulier,162,4
il,geop_19CTS,Pronpers,masculin,singulier,162,4
les décrets d'application,geop_21CTS,GND,masculin,pluriel,25,1
le décret,geop_21CTS,GND,masculin,singulier,26,1
autre décret,geop_21CTS,GNI,masculin,singulier,27,1
du décret présidentiel,geop_21CTS,GND,masculin,singulier,27,1
1200 étrangers,geop_21CTS,GNI,masculin,singulier,28,2
Ces prisonniers,geop_21CTS,GNDem,masculin,pluriel,29,2
200 à 600 prisonniers,geop_21CTS,GNI,masculin,singulier,29,2
Les prisonniers faits en Afghanistan,geop_21CTS,GND,masculin,pluriel,32,3
Ils,geop_21CTS,Pronpers,masculin,pluriel,33,3
prisonniers,geop_21CTS,GNI,masculin,pluriel,34,3
Ils,geop_21CTS,Pronpers,masculin,pluriel,35,3
leur,geop_21CTS,Poss,masculin,singulier,36,3
le Président,geop_21CTS,GND,masculin,singulier,121,4
lui,geop_21CTS,Pronpers,masculin,singulier,122,4
le Président,geop_21CTS,GND,masculin,singulier,123,4
lui,geop_21CTS,Pronpers,masculin,singulier,124,4
le Président,geop_21CTS,GND,masculin,singulier,124,4
la Cour Suprême,geop_21CTS,GND,féminin,singulier,130,5
la Cour,geop_21CTS,GND,féminin,singulier,130,5
elle,geop_21CTS,Pronpers,féminin,singulier,132,5
initiative,geop_16CTS,GNI,féminin,singulier,4,1
Cette initiative,geop_16CTS,GNDem,féminin,singulier,5,1
Elle,geop_16CTS,Pronpers,féminin,singulier,6,1
des dates,geop_16CTS,GNI,féminin,pluriel,35,2
les dates,geop_16CTS,GND,masculin,pluriel,37,2
les dates,geop_16CTS,GND,masculin,pluriel,37,2
La multiplication de ces dates,geop_16CTS,GND,féminin,singulier,39,2
ces dates,geop_16CTS,GNDem,féminin,pluriel,39,2
la méthode,geop_16CTS,GND,féminin,singulier,42,2
ils,geop_16CTS,Pronpers,masculin,pluriel,117,3
Ils,geop_16CTS,Pronpers,masculin,pluriel,169,3
Mondialisation et démocratie,geop_24CTS,GNI,féminin,singulier,1,1
mondialisation et démocratie,geop_24CTS,GNI,féminin,singulier,1,1
la seconde,geop_24CTS,GND,féminin,singulier,1,1
La démocratie,geop_24CTS,GND,féminin,singulier,2,1
La mondialisation,geop_24CTS,GND,féminin,singulier,3,1
démocratie mondiale,geop_24CTS,GNI,féminin,singulier,3,1
ce mode de gouvernement,geop_24CTS,GNDem,masculin,singulier,4,1
démocratie,geop_24CTS,GNI,féminin,singulier,4,1
culture démocratique,geop_24CTS,GNI,féminin,singulier,4,1
la démocratie,geop_24CTS,GND,féminin,singulier,4,1
La mondialisation,geop_24CTS,GND,féminin,singulier,6,1
la démocratie,geop_24CTS,GND,féminin,singulier,6,1
la démocratie,geop_24CTS,GND,féminin,singulier,6,1
mondialisation et démocratie,geop_24CTS,GNI,féminin,singulier,7,1
mondialisation et démocratie,geop_24CTS,GNI,féminin,singulier,7,1
la démocratie,geop_24CTS,GND,féminin,singulier,10,1
la mondialisation,geop_24CTS,GND,féminin,singulier,10,1
la mondialisation,geop_24CTS,GND,féminin,singulier,10,1
Damas,geop_5CTS,NPr,féminin,pluriel,5,1
La Syrie,geop_5CTS,NPr,féminin,singulier,39,1
la Syrie,geop_5CTS,NPr,féminin,singulier,40,2
Elle,geop_5CTS,Pronpers,féminin,singulier,51,2
Damas,geop_5CTS,NPr,féminin,pluriel,52,2
Damas,geop_5CTS,NPr,féminin,pluriel,52,2
Damas,geop_5CTS,NPr,féminin,pluriel,52,3
La Syrie,geop_5CTS,NPr,féminin,singulier,71,3
la Syrie,geop_5CTS,NPr,féminin,singulier,72,4
La Syrie,geop_5CTS,NPr,féminin,singulier,78,4
la Syrie,geop_5CTS,NPr,féminin,singulier,79,4
Le régime,geop_5CTS,NPr,masculin,singulier,89,5
le régime,geop_5CTS,NPr,masculin,singulier,90,5
La Syrie,geop_5CTS,NPr,féminin,singulier,105,6
Damas,geop_5CTS,NPr,féminin,pluriel,114,6
la Syrie,geop_5CTS,NPr,féminin,singulier,114,6
elle,geop_5CTS,Pronpers,féminin,singulier,121,6
la Syrie,geop_5CTS,NPr,féminin,singulier,124,6
Elle,geop_5CTS,Pronpers,féminin,singulier,127,6
la Syrie,geop_5CTS,NPr,féminin,singulier,128,6
L'Europe,geop_5CTS,NPr,féminin,singulier,219,7
l'UE,geop_5CTS,NPr,féminin,singulier,223,7
Les Églises,wik2_catharismeCTS,GND,masculin,pluriel,7,1
les Églises,wik2_catharismeCTS,GND,masculin,pluriel,25,1
Ces Églises,wik2_catharismeCTS,GNDem,féminin,pluriel,27,1
Elles,wik2_catharismeCTS,Pronpers,féminin,pluriel,28,1
Les cathares,wik2_catharismeCTS,GND,masculin,pluriel,39,2
les cathares,wik2_catharismeCTS,GND,masculin,pluriel,40,2
Les cathares,wik2_catharismeCTS,GND,masculin,pluriel,41,2
Le Christ,wik2_catharismeCTS,NPr,masculin,singulier,57,3
le Christ,wik2_catharismeCTS,NPr,masculin,singulier,58,3
Il,wik2_catharismeCTS,Pronpers,masculin,singulier,59,3
Les cathares,wik2_catharismeCTS,GND,masculin,pluriel,62,4
Ils,wik2_catharismeCTS,Pronpers,masculin,pluriel,76,4
Ils,wik2_catharismeCTS,Pronpers,masculin,pluriel,76,4
les cathares,wik2_catharismeCTS,GND,masculin,pluriel,82,4
l'idéal cathare,wik2_catharismeCTS,GND,masculin,singulier,85,4
Ils,wik2_catharismeCTS,Pronpers,masculin,pluriel,86,4
Le consolament,wik2_catharismeCTS,GND,masculin,singulier,89,5
Le sacrement du consolament,wik2_catharismeCTS,GND,masculin,singulier,89,5
Il,wik2_catharismeCTS,Pronpers,masculin,singulier,90,5
Le consolament,wik2_catharismeCTS,GND,masculin,singulier,91,5
Il,wik2_catharismeCTS,Pronpers,masculin,singulier,92,5
Ce sacrement,wik2_catharismeCTS,GNDem,masculin,singulier,93,5
Le consolament,wik2_catharismeCTS,GND,masculin,singulier,94,5
Il,wik2_catharismeCTS,Pronpers,masculin,singulier,95,5
Il,wik2_catharismeCTS,Pronpers,masculin,singulier,95,5
les parfaits,wik2_catharismeCTS,GND,masculin,pluriel,100,6
Ils,wik2_catharismeCTS,Pronpers,masculin,pluriel,101,6
leur,wik2_catharismeCTS,Poss,masculin,singulier,101,6
Les cathares,wik2_catharismeCTS,GND,masculin,pluriel,104,6
maisons de parfaits,wik2_catharismeCTS,GNI,féminin,pluriel,104,6
des parfaits,wik2_catharismeCTS,GNI,masculin,pluriel,108,6
les parfaits,wik2_catharismeCTS,GND,masculin,pluriel,109,6
l'Inquisition,wik2_catharismeCTS,GND,féminin,singulier,113,7
Les inquisiteurs,wik2_catharismeCTS,GND,masculin,pluriel,149,7
l'Inquisition,wik2_catharismeCTS,GND,féminin,singulier,151,7
Léonard de Vinci,wik2_leonardDeVinciCTS,NPr,masculin,singulier,1,1
Léonard de Vinci,wik2_leonardDeVinciCTS,NPr,masculin,singulier,1,1
Léonard,wik2_leonardDeVinciCTS,NPr,masculin,singulier,1,1
Il,wik2_leonardDeVinciCTS,Pronpers,masculin,singulier,4,1
Léonard de Vinci,wik2_leonardDeVinciCTS,NPr,masculin,singulier,5,1
Il,wik2_leonardDeVinciCTS,Pronpers,masculin,singulier,6,1
Léonard de Vinci,wik2_leonardDeVinciCTS,NPr,masculin,singulier,7,1
Léonard,wik2_leonardDeVinciCTS,NPr,masculin,singulier,7,1
Léonard de Vinci,wik2_leonardDeVinciCTS,NPr,masculin,singulier,7,1
Léonard de Vinci,wik2_leonardDeVinciCTS,NPr,masculin,singulier,7,2
Léonard,wik2_leonardDeVinciCTS,NPr,masculin,singulier,7,2
Il,wik2_leonardDeVinciCTS,Pronpers,masculin,singulier,19,2
Il,wik2_leonardDeVinciCTS,Pronpers,masculin,singulier,19,2
il,wik2_leonardDeVinciCTS,Pronpers,masculin,singulier,21,2
Léonard,wik2_leonardDeVinciCTS,NPr,masculin,singulier,25,2
il,wik2_leonardDeVinciCTS,Pronpers,masculin,singulier,27,2
il,wik2_leonardDeVinciCTS,Pronpers,masculin,singulier,27,2
Il,wik2_leonardDeVinciCTS,Pronpers,masculin,singulier,30,2
Léonard,wik2_leonardDeVinciCTS,NPr,masculin,singulier,31,2
il,wik2_leonardDeVinciCTS,Pronpers,masculin,singulier,31,2
Il,wik2_leonardDeVinciCTS,Pronpers,masculin,singulier,33,2
Léonard,wik2_leonardDeVinciCTS,NPr,masculin,singulier,33,2
Le jeune Léonard,wik2_leonardDeVinciCTS,GND,masculin,singulier,39,3
Il,wik2_leonardDeVinciCTS,Pronpers,masculin,singulier,40,3
le père de Léonard,wik2_leonardDeVinciCTS,GND,masculin,singulier,42,3
si Léonard,wik2_leonardDeVinciCTS,NPr,masculin,singulier,42,3
de Léonard,wik2_leonardDeVinciCTS,GND,masculin,singulier,42,3
Léonard,wik2_leonardDeVinciCTS,NPr,masculin,singulier,42,3
Léonard,wik2_leonardDeVinciCTS,NPr,masculin,singulier,42,3
il,wik2_leonardDeVinciCTS,Pronpers,masculin,singulier,44,3
Léonard,wik2_leonardDeVinciCTS,NPr,masculin,singulier,44,3
il,wik2_leonardDeVinciCTS,Pronpers,masculin,singulier,44,3
il,wik2_leonardDeVinciCTS,Pronpers,masculin,singulier,44,3
Léonard,wik2_leonardDeVinciCTS,NPr,masculin,singulier,44,3
il,wik2_leonardDeVinciCTS,Pronpers,masculin,singulier,44,3
Léonard,wik2_leonardDeVinciCTS,NPr,masculin,singulier,44,4
Il,wik2_leonardDeVinciCTS,Pronpers,masculin,singulier,52,4
Il,wik2_leonardDeVinciCTS,Pronpers,masculin,singulier,52,4
Léonard,wik2_leonardDeVinciCTS,NPr,masculin,singulier,56,4
Léonard,wik2_leonardDeVinciCTS,NPr,masculin,singulier,56,4
de Léonard,wik2_leonardDeVinciCTS,GND,masculin,singulier,58,4
il,wik2_leonardDeVinciCTS,Pronpers,masculin,singulier,58,4
Vinci,wik2_leonardDeVinciCTS,NPr,masculin,singulier,58,4
Léonard,wik2_leonardDeVinciCTS,NPr,masculin,singulier,58,4
le portrait de Léonard,wik2_leonardDeVinciCTS,GND,masculin,singulier,60,4
il,wik2_leonardDeVinciCTS,Pronpers,masculin,singulier,61,4
Il,wik2_leonardDeVinciCTS,Pronpers,masculin,singulier,62,4
Il,wik2_leonardDeVinciCTS,Pronpers,masculin,singulier,62,4
Il,wik2_leonardDeVinciCTS,Pronpers,masculin,singulier,62,4
il,wik2_leonardDeVinciCTS,Pronpers,masculin,singulier,66,4
Léonard,wik2_leonardDeVinciCTS,NPr,masculin,singulier,67,4
il,wik2_leonardDeVinciCTS,Pronpers,masculin,singulier,67,4
il,wik2_leonardDeVinciCTS,Pronpers,masculin,singulier,67,4
Léonard,wik2_leonardDeVinciCTS,NPr,masculin,singulier,67,4
il,wik2_leonardDeVinciCTS,Pronpers,masculin,singulier,67,4
Léonard de Vinci,wik2_leonardDeVinciCTS,NPr,masculin,singulier,71,4
Léonard,wik2_leonardDeVinciCTS,NPr,masculin,singulier,71,5
il,wik2_leonardDeVinciCTS,Pronpers,masculin,singulier,73,5
Vinci,wik2_leonardDeVinciCTS,NPr,masculin,singulier,76,5
Léonard,wik2_leonardDeVinciCTS,NPr,masculin,singulier,77,5
il,wik2_leonardDeVinciCTS,Pronpers,masculin,singulier,77,5
le travail de Léonard,wik2_leonardDeVinciCTS,GND,masculin,singulier,79,5
Léonard,wik2_leonardDeVinciCTS,NPr,masculin,singulier,79,5
Léonard,wik2_leonardDeVinciCTS,NPr,masculin,singulier,79,5
Il,wik2_leonardDeVinciCTS,Pronpers,masculin,singulier,83,5
il,wik2_leonardDeVinciCTS,Pronpers,masculin,singulier,85,5
il,wik2_leonardDeVinciCTS,Pronpers,masculin,singulier,85,5
Léonard de Vinci,wik2_leonardDeVinciCTS,NPr,masculin,singulier,88,5
Il,wik2_leonardDeVinciCTS,Pronpers,masculin,singulier,90,5
Léonard,wik2_leonardDeVinciCTS,NPr,masculin,singulier,92,5
il,wik2_leonardDeVinciCTS,Pronpers,masculin,singulier,93,5
Léonard,wik2_leonardDeVinciCTS,NPr,masculin,singulier,95,5
Il,wik2_leonardDeVinciCTS,Pronpers,masculin,singulier,96,5
Il,wik2_leonardDeVinciCTS,Pronpers,masculin,singulier,96,5
Il,wik2_leonardDeVinciCTS,Pronpers,masculin,singulier,96,5
Léonard,wik2_leonardDeVinciCTS,NPr,masculin,singulier,99,5
il,wik2_leonardDeVinciCTS,Pronpers,masculin,singulier,101,5
Léonard de Vinci,wik2_leonardDeVinciCTS,NPr,masculin,singulier,103,5
il,wik2_leonardDeVinciCTS,Pronpers,masculin,singulier,104,5
Léonard de Vinci,wik2_leonardDeVinciCTS,NPr,masculin,singulier,111,6
Il,wik2_leonardDeVinciCTS,Pronpers,masculin,singulier,112,6
Il,wik2_leonardDeVinciCTS,Pronpers,masculin,singulier,112,6
il,wik2_leonardDeVinciCTS,Pronpers,masculin,singulier,113,6
Léonard de Vinci,wik2_leonardDeVinciCTS,NPr,masculin,singulier,117,6
Il,wik2_leonardDeVinciCTS,Pronpers,masculin,singulier,118,6
Il,wik2_leonardDeVinciCTS,Pronpers,masculin,singulier,118,6
Il,wik2_leonardDeVinciCTS,Pronpers,masculin,singulier,118,6
il,wik2_leonardDeVinciCTS,Pronpers,masculin,singulier,121,6
Il,wik2_leonardDeVinciCTS,Pronpers,masculin,singulier,122,6
Il,wik2_leonardDeVinciCTS,Pronpers,masculin,singulier,122,6
il,wik2_leonardDeVinciCTS,Pronpers,masculin,singulier,124,6
Il,wik2_leonardDeVinciCTS,Pronpers,masculin,singulier,125,6
Léonard,wik2_leonardDeVinciCTS,NPr,masculin,singulier,126,7
il,wik2_leonardDeVinciCTS,Pronpers,masculin,singulier,131,7
avec Léonard,wik2_leonardDeVinciCTS,NPr,masculin,singulier,132,7
Léonard,wik2_leonardDeVinciCTS,NPr,masculin,singulier,132,7
Vinci,wik2_leonardDeVinciCTS,NPr,masculin,singulier,134,7
Léonard,wik2_leonardDeVinciCTS,NPr,masculin,singulier,135,7
il,wik2_leonardDeVinciCTS,Pronpers,masculin,singulier,137,7
Léonard,wik2_leonardDeVinciCTS,NPr,masculin,singulier,140,7
il,wik2_leonardDeVinciCTS,Pronpers,masculin,singulier,140,7
Le peintre,wik2_leonardDeVinciCTS,GND,masculin,singulier,141,7
Léonard,wik2_leonardDeVinciCTS,NPr,masculin,singulier,141,7
Léonard,wik2_leonardDeVinciCTS,NPr,masculin,singulier,141,7
il,wik2_leonardDeVinciCTS,Pronpers,masculin,singulier,144,7
Léonard,wik2_leonardDeVinciCTS,NPr,masculin,singulier,145,7
il,wik2_leonardDeVinciCTS,Pronpers,masculin,singulier,145,7
Léonard de Vinci,wik2_leonardDeVinciCTS,NPr,masculin,singulier,147,7
Léonard de Vinci,wik2_leonardDeVinciCTS,NPr,masculin,singulier,149,7
Léonard,wik2_leonardDeVinciCTS,NPr,masculin,singulier,149,7
il,wik2_leonardDeVinciCTS,Pronpers,masculin,singulier,152,7
Léonard,wik2_leonardDeVinciCTS,NPr,masculin,singulier,153,7
Léonard de Vinci,wik2_leonardDeVinciCTS,NPr,masculin,singulier,154,7
Léonard,wik2_leonardDeVinciCTS,NPr,masculin,singulier,159,8
Il,wik2_leonardDeVinciCTS,Pronpers,masculin,singulier,162,8
Léonard de Vinci,wik2_leonardDeVinciCTS,NPr,masculin,singulier,166,8
Il,wik2_leonardDeVinciCTS,Pronpers,masculin,singulier,169,8
Il,wik2_leonardDeVinciCTS,Pronpers,masculin,singulier,169,8
il,wik2_leonardDeVinciCTS,Pronpers,masculin,singulier,173,8
il,wik2_leonardDeVinciCTS,Pronpers,masculin,singulier,173,9
il,wik2_leonardDeVinciCTS,Pronpers,masculin,singulier,173,9
Le « petit diable,wik2_leonardDeVinciCTS,GND,masculin,singulier,211,10
Il,wik2_leonardDeVinciCTS,Pronpers,masculin,singulier,216,10
il,wik2_leonardDeVinciCTS,Pronpers,masculin,singulier,221,10
Léonard de Vinci,wik2_leonardDeVinciCTS,NPr,masculin,singulier,225,11
il,wik2_leonardDeVinciCTS,Pronpers,masculin,singulier,226,11
il,wik2_leonardDeVinciCTS,Pronpers,masculin,singulier,226,11
Il,wik2_leonardDeVinciCTS,Pronpers,masculin,singulier,226,11
il,wik2_leonardDeVinciCTS,Pronpers,masculin,singulier,226,11
Léonard,wik2_leonardDeVinciCTS,NPr,masculin,singulier,229,11
Il,wik2_leonardDeVinciCTS,Pronpers,masculin,singulier,230,11
Il,wik2_leonardDeVinciCTS,Pronpers,masculin,singulier,230,11
Léonard,wik2_leonardDeVinciCTS,NPr,masculin,singulier,232,11
la personnalité de Léonard,wik2_leonardDeVinciCTS,GND,féminin,singulier,234,11
de Léonard,wik2_leonardDeVinciCTS,GND,masculin,singulier,234,11
Léonard,wik2_leonardDeVinciCTS,NPr,masculin,singulier,234,12
Il,wik2_leonardDeVinciCTS,Pronpers,masculin,singulier,239,12
Léonard,wik2_leonardDeVinciCTS,NPr,masculin,singulier,241,12
Marie,wik2_leonardDeVinciCTS,NPr,masculin,singulier,263,13
Marie,wik2_leonardDeVinciCTS,NPr,masculin,singulier,263,13
La jeune femme,wik2_leonardDeVinciCTS,GND,féminin,singulier,268,13
La Vierge aux rochers,wik2_leonardDeVinciCTS,GND,féminin,singulier,289,14
La peinture,wik2_leonardDeVinciCTS,GND,féminin,singulier,290,14
Le tableau,wik2_leonardDeVinciCTS,GND,masculin,singulier,293,14
Le tableau,wik2_leonardDeVinciCTS,GND,masculin,singulier,293,14
Le tableau,wik2_leonardDeVinciCTS,GND,masculin,singulier,293,14
ce tableau,wik2_leonardDeVinciCTS,GNDem,masculin,singulier,297,14
La Cène,wik2_leonardDeVinciCTS,GND,féminin,singulier,299,15
Elle,wik2_leonardDeVinciCTS,Pronpers,féminin,singulier,300,15
La peinture,wik2_leonardDeVinciCTS,GND,féminin,singulier,301,15
les visages de Jésus et de Judas,wik2_leonardDeVinciCTS,GND,masculin,pluriel,306,15
la fresque,wik2_leonardDeVinciCTS,GND,féminin,singulier,307,15
elle,wik2_leonardDeVinciCTS,Pronpers,féminin,singulier,307,15
L'oeuvre,wik2_leonardDeVinciCTS,GND,masculin,singulier,308,15
La peinture,wik2_leonardDeVinciCTS,GND,féminin,singulier,309,15
la Cène,wik2_leonardDeVinciCTS,GND,féminin,singulier,311,15
La Joconde,wik2_leonardDeVinciCTS,GND,féminin,singulier,313,16
Le tableau,wik2_leonardDeVinciCTS,GND,masculin,singulier,314,16
la peinture,wik2_leonardDeVinciCTS,GND,féminin,singulier,315,16
le travail,wik2_leonardDeVinciCTS,GND,masculin,singulier,316,16
la peinture,wik2_leonardDeVinciCTS,GND,féminin,singulier,318,16
La Joconde,wik2_leonardDeVinciCTS,GND,féminin,singulier,320,16
ce travail,wik2_leonardDeVinciCTS,GNDem,masculin,singulier,321,16
une peinture,wik2_leonardDeVinciCTS,GNI,féminin,singulier,326,16
Les journaux de Léonard,wik2_leonardDeVinciCTS,GND,masculin,pluriel,361,17
par Léonard,wik2_leonardDeVinciCTS,NPr,masculin,singulier,366,18
Léonard de Vinci,wik2_leonardDeVinciCTS,NPr,masculin,singulier,368,18
il,wik2_leonardDeVinciCTS,Pronpers,masculin,singulier,370,18
il,wik2_leonardDeVinciCTS,Pronpers,masculin,singulier,370,18
Il,wik2_leonardDeVinciCTS,Pronpers,masculin,singulier,371,18
Léonard,wik2_leonardDeVinciCTS,NPr,masculin,singulier,373,18
la mécanique de Léonard,wik2_leonardDeVinciCTS,GND,féminin,singulier,374,18
Il,wik2_leonardDeVinciCTS,Pronpers,masculin,singulier,376,18
Léonard de Vinci,wik2_leonardDeVinciCTS,NPr,masculin,singulier,377,18
il,wik2_leonardDeVinciCTS,Pronpers,masculin,singulier,378,18
Léonard,wik2_leonardDeVinciCTS,NPr,masculin,singulier,379,18
Léonard de Vinci,wik2_leonardDeVinciCTS,NPr,masculin,singulier,379,18
Léonard de Vinci,wik2_leonardDeVinciCTS,NPr,masculin,singulier,379,18
il,wik2_leonardDeVinciCTS,Pronpers,masculin,singulier,380,18
il,wik2_leonardDeVinciCTS,Pronpers,masculin,singulier,380,18
Léonard,wik2_leonardDeVinciCTS,NPr,masculin,singulier,381,18
Léonard,wik2_leonardDeVinciCTS,NPr,masculin,singulier,381,19
il,wik2_leonardDeVinciCTS,Pronpers,masculin,singulier,383,19
Il,wik2_leonardDeVinciCTS,Pronpers,masculin,singulier,383,19
il,wik2_leonardDeVinciCTS,Pronpers,masculin,singulier,383,19
il,wik2_leonardDeVinciCTS,Pronpers,masculin,singulier,383,19
Il,wik2_leonardDeVinciCTS,Pronpers,masculin,singulier,383,19
Léonard,wik2_leonardDeVinciCTS,NPr,masculin,singulier,385,19
il,wik2_leonardDeVinciCTS,Pronpers,masculin,singulier,388,19
Il,wik2_leonardDeVinciCTS,Pronpers,masculin,singulier,389,19
Léonard,wik2_leonardDeVinciCTS,NPr,masculin,singulier,392,19
Il,wik2_leonardDeVinciCTS,Pronpers,masculin,singulier,393,19
Il,wik2_leonardDeVinciCTS,Pronpers,masculin,singulier,393,19
Il,wik2_leonardDeVinciCTS,Pronpers,masculin,singulier,393,19
Il,wik2_leonardDeVinciCTS,Pronpers,masculin,singulier,393,19
il,wik2_leonardDeVinciCTS,Pronpers,masculin,singulier,394,20
il,wik2_leonardDeVinciCTS,Pronpers,masculin,singulier,394,20
Il,wik2_leonardDeVinciCTS,Pronpers,masculin,singulier,395,20
Il,wik2_leonardDeVinciCTS,Pronpers,masculin,singulier,439,21
Il,wik2_leonardDeVinciCTS,Pronpers,masculin,singulier,439,21
il,wik2_leonardDeVinciCTS,Pronpers,masculin,singulier,441,21
Il,wik2_leonardDeVinciCTS,Pronpers,masculin,singulier,442,21
Léonard de Vinci,wik2_leonardDeVinciCTS,NPr,masculin,singulier,445,22
Léonard de Vinci,wik2_leonardDeVinciCTS,NPr,masculin,singulier,445,22
il,wik2_leonardDeVinciCTS,Pronpers,masculin,singulier,449,22
Il,wik2_leonardDeVinciCTS,Pronpers,masculin,singulier,468,22
Léonard de Vinci,wik2_leonardDeVinciCTS,NPr,masculin,singulier,469,22
Léonard de Vinci,wik2_leonardDeVinciCTS,NPr,masculin,singulier,477,22
Léonard,wik2_leonardDeVinciCTS,NPr,masculin,singulier,477,22
La linguistique interactionnelle,ling_mondadaCTS,GND,féminin,singulier,6,1
Elle,ling_mondadaCTS,Pronpers,féminin,singulier,6,1
elle,ling_mondadaCTS,Pronpers,féminin,singulier,7,1
deux procédures analytiques,ling_mondadaCTS,GND,féminin,singulier,68,2
la première,ling_mondadaCTS,GND,féminin,singulier,68,2
la seconde,ling_mondadaCTS,GND,féminin,singulier,68,2
la première,ling_mondadaCTS,GND,féminin,singulier,68,2
la seconde,ling_mondadaCTS,GND,féminin,singulier,68,2
la seconde,ling_mondadaCTS,GND,féminin,singulier,68,2
La première procédure,ling_mondadaCTS,GND,féminin,singulier,71,2
elle,ling_mondadaCTS,Pronpers,féminin,singulier,71,2
la seconde,ling_mondadaCTS,GND,féminin,singulier,72,2
première,ling_mondadaCTS,GNI,féminin,singulier,72,2
Sacks,ling_mondadaCTS,NPr,masculin,pluriel,74,3
Il,ling_mondadaCTS,Pronpers,masculin,singulier,75,3
Sacks,ling_mondadaCTS,NPr,masculin,pluriel,77,3
organisations terroristes,geop_12CTS,GNI,féminin,pluriel,51,1
les organisations terroristes,geop_12CTS,GND,masculin,pluriel,81,1
les organisations,geop_12CTS,GND,masculin,pluriel,81,1
les États-Unis,geop_12CTS,GND,masculin,pluriel,121,2
Ils,geop_12CTS,Pronpers,masculin,pluriel,122,2
ils,geop_12CTS,Pronpers,masculin,pluriel,123,2
ils,geop_12CTS,Pronpers,masculin,pluriel,123,3
Ils,geop_12CTS,Pronpers,masculin,pluriel,153,3
ils,geop_12CTS,Pronpers,masculin,pluriel,154,3
la Russie,geop_12CTS,GND,féminin,singulier,154,4
Celle,geop_12CTS,Prondem,féminin,singulier,155,4
la Russie,geop_12CTS,GND,féminin,singulier,156,4
la Chine,geop_12CTS,GND,féminin,singulier,170,5
elle,geop_12CTS,Pronpers,féminin,singulier,172,5
elle,geop_12CTS,Pronpers,féminin,singulier,172,5
la Chine,geop_12CTS,GND,féminin,singulier,173,5
la RPC,geop_12CTS,GND,féminin,singulier,179,5
le général Moucharraf,geop_12CTS,NPr,masculin,singulier,179,6
celui,geop_12CTS,Prondem,masculin,singulier,179,6
il,geop_12CTS,Pronpers,masculin,singulier,194,6
Moucharraf,geop_12CTS,NPr,masculin,singulier,196,6
L'Union,geop_12CTS,GND,féminin,singulier,236,7
Elle,geop_12CTS,Pronpers,féminin,singulier,237,7
l'Union,geop_12CTS,GND,féminin,singulier,238,7
le nouveau président,geop_12CTS,GND,masculin,singulier,313,8
il,geop_12CTS,Pronpers,masculin,singulier,314,8
L'échec,geop_31CTS,GND,masculin,singulier,24,1
Echec,geop_31CTS,GNI,masculin,singulier,26,1
L'échec,geop_31CTS,GND,masculin,singulier,27,1
les causes de l'échec,geop_31CTS,GND,masculin,pluriel,30,1
cette revendication,geop_31CTS,GNDem,féminin,singulier,106,2
elle,geop_31CTS,Pronpers,féminin,singulier,107,2
L'approche,geop_31CTS,GND,féminin,singulier,124,3
une approche non chiffrée,geop_31CTS,GNI,féminin,singulier,124,3
Elle,geop_31CTS,Pronpers,féminin,singulier,125,3
Elle,geop_31CTS,Pronpers,féminin,singulier,125,3
Elle,geop_31CTS,Pronpers,féminin,singulier,125,3
du système de quotas,geop_31CTS,GND,masculin,singulier,145,4
ces quotas,geop_31CTS,GNDem,masculin,pluriel,146,4
les quotas,geop_31CTS,GND,masculin,pluriel,146,4
ces quotas,geop_31CTS,GNDem,masculin,pluriel,146,4
un nouveau consensus,geop_31CTS,GNI,masculin,singulier,156,5
Ce consensus,geop_31CTS,GNDem,masculin,singulier,157,5
ce consensus,geop_31CTS,GNDem,masculin,singulier,158,5
Une OMC,geop_31CTS,GNI,féminin,singulier,225,6
le droit de l'OMC,geop_31CTS,GND,masculin,singulier,229,6
Le RMS Titanic,wik2_titanicCTS,NPr,masculin,singulier,1,1
Il,wik2_titanicCTS,Pronpers,masculin,singulier,1,1
le plus grand paquebot,wik2_titanicCTS,GND,masculin,singulier,3,1
Il,wik2_titanicCTS,Pronpers,masculin,singulier,4,1
Le Titanic,wik2_titanicCTS,NPr,masculin,singulier,5,1
il,wik2_titanicCTS,Pronpers,masculin,singulier,7,1
Elle,wik2_titanicCTS,Pronpers,féminin,singulier,10,1
du navire,wik2_titanicCTS,GND,masculin,singulier,11,1
le Titanic,wik2_titanicCTS,NPr,masculin,singulier,27,2
le Titanic,wik2_titanicCTS,NPr,masculin,singulier,27,2
le Titanic,wik2_titanicCTS,NPr,masculin,singulier,27,2
le Titanic,wik2_titanicCTS,NPr,masculin,singulier,27,3
les hélices du Titanic,wik2_titanicCTS,GND,masculin,pluriel,56,3
du Titanic,wik2_titanicCTS,NPr,masculin,singulier,56,3
Le Titanic,wik2_titanicCTS,NPr,masculin,singulier,58,3
le Titanic,wik2_titanicCTS,NPr,masculin,singulier,60,3
le paquebot,wik2_titanicCTS,NPr,masculin,singulier,62,3
le Titanic,wik2_titanicCTS,NPr,masculin,singulier,63,3
le RMS Titanic,wik2_titanicCTS,NPr,masculin,singulier,65,3
du Titanic,wik2_titanicCTS,NPr,masculin,singulier,66,3
le gouvernail,wik2_titanicCTS,GND,masculin,singulier,140,4
le paquebot,wik2_titanicCTS,GND,masculin,singulier,143,5
il,wik2_titanicCTS,Pronpers,masculin,singulier,143,5
le Titanic,wik2_titanicCTS,NPr,masculin,singulier,144,5
le navire,wik2_titanicCTS,GND,masculin,singulier,145,5
il,wik2_titanicCTS,Pronpers,masculin,singulier,145,5
le Titanic,wik2_titanicCTS,NPr,masculin,singulier,146,5
il,wik2_titanicCTS,Pronpers,masculin,singulier,146,5
Le Titanic,wik2_titanicCTS,NPr,masculin,singulier,152,6
Il,wik2_titanicCTS,Pronpers,masculin,singulier,154,6
Le paquebot,wik2_titanicCTS,GND,masculin,singulier,155,6
Les ponts,wik2_titanicCTS,GND,masculin,pluriel,158,7
Les dix ponts,wik2_titanicCTS,GND,masculin,pluriel,158,7
les ponts,wik2_titanicCTS,GND,masculin,pluriel,200,7
les lobbyistes,geop_14CTS,GND,masculin,pluriel,30,1
les lobbyistes,geop_14CTS,GND,masculin,pluriel,32,1
les lobbyistes,geop_14CTS,GND,masculin,pluriel,32,2
ils,geop_14CTS,Pronpers,masculin,pluriel,37,2
ils,geop_14CTS,Pronpers,masculin,pluriel,67,2
Les lobbyistes,geop_14CTS,GND,masculin,pluriel,81,2
ils,geop_14CTS,Pronpers,masculin,pluriel,81,2
les lobbyistes,geop_14CTS,GND,masculin,pluriel,82,2
les think,geop_14CTS,GND,masculin,pluriel,83,3
les think,geop_14CTS,GND,masculin,pluriel,83,3
Ils,geop_14CTS,Pronpers,masculin,pluriel,88,3
l'Asia Pacific Policy Center,geop_14CTS,GND,féminin,singulier,193,4
l'APPC,geop_14CTS,NPr,féminin,singulier,194,4
L'APPC,geop_14CTS,NPr,féminin,singulier,195,4
L'APPC,geop_14CTS,NPr,féminin,singulier,195,4
de l'APPC,geop_14CTS,GND,féminin,singulier,197,4
L'APPC,geop_14CTS,NPr,féminin,singulier,199,4
l'APPC,geop_14CTS,NPr,féminin,singulier,202,4
Liberté,wik2_liberteCTS,GNI,féminin,singulier,1,1
La liberté,wik2_liberteCTS,GND,féminin,singulier,1,1
elle,wik2_liberteCTS,Pronpers,féminin,singulier,2,1
Elle,wik2_liberteCTS,Pronpers,féminin,singulier,3,1
Cette notion,wik2_liberteCTS,GNDem,féminin,singulier,6,1
La liberté,wik2_liberteCTS,GND,féminin,singulier,10,1
les conditions de cohérence,ling_prandiCTS,GND,masculin,pluriel,23,1
Elles,ling_prandiCTS,Pronpers,féminin,pluriel,25,1
Ce système,ling_prandiCTS,GNDem,masculin,singulier,27,1
de présupposés,ling_prandiCTS,GND,masculin,singulier,27,1
il,ling_prandiCTS,Pronpers,masculin,singulier,29,1
Ce système,ling_prandiCTS,GNDem,masculin,singulier,30,1
L'inférence,ling_prandiCTS,GND,féminin,singulier,65,2
l'inférence,ling_prandiCTS,GND,féminin,singulier,68,2
elle,ling_prandiCTS,Pronpers,féminin,singulier,69,2
elle,ling_prandiCTS,Pronpers,féminin,singulier,69,2
elle,ling_prandiCTS,Pronpers,féminin,singulier,69,2
L'inférence,ling_prandiCTS,GND,féminin,singulier,71,2
celle,ling_prandiCTS,Prondem,féminin,singulier,72,2
l'inférence,ling_prandiCTS,GND,féminin,singulier,74,2
L'inférence,ling_prandiCTS,GND,féminin,singulier,74,2
L'inférence,ling_prandiCTS,GND,féminin,singulier,74,2
l'inférence,ling_prandiCTS,GND,féminin,singulier,74,3
l'inférence,ling_prandiCTS,GND,féminin,singulier,74,3
techniques d'affectation,wik2_telecommunicationsCTS,GNI,féminin,pluriel,70,1
L'affectation,wik2_telecommunicationsCTS,GND,féminin,singulier,71,1
chacun étant affecté,wik2_telecommunicationsCTS,GNI,féminin,singulier,72,1
Cette affectation,wik2_telecommunicationsCTS,GNDem,féminin,singulier,73,1
L'affectation,wik2_telecommunicationsCTS,GND,féminin,singulier,74,1
le radar,wik2_telecommunicationsCTS,GND,masculin,singulier,133,2
le radar,wik2_telecommunicationsCTS,GND,masculin,singulier,133,2
le radar,wik2_telecommunicationsCTS,GND,masculin,singulier,133,2
le radar,wik2_telecommunicationsCTS,GND,masculin,singulier,133,2
Les télécommunications,wik2_telecommunicationsCTS,GND,masculin,pluriel,144,3
les télécommunications,wik2_telecommunicationsCTS,GND,masculin,pluriel,155,3
Les industriels des télécommunications,wik2_telecommunicationsCTS,GND,masculin,pluriel,166,4
Ils,wik2_telecommunicationsCTS,Pronpers,masculin,pluriel,167,4
Les constructeurs,wik2_telecommunicationsCTS,GND,masculin,pluriel,168,4
Ils,wik2_telecommunicationsCTS,Pronpers,masculin,pluriel,169,4
Certains constructeurs,wik2_telecommunicationsCTS,GNI,masculin,pluriel,170,4
D'autres,wik2_telecommunicationsCTS,GND,masculin,pluriel,171,4
Ce fameux « coup d'oeil »,ling_puechCTS,GNDem,masculin,singulier,40,1
il,ling_puechCTS,Pronpers,masculin,singulier,40,1
il,ling_puechCTS,Pronpers,masculin,singulier,40,1
ce bref « coup d'oeil historique sur l'histoire de la linguistique »,ling_puechCTS,GNDem,masculin,singulier,51,1
cette notion,ling_puechCTS,GNDem,féminin,singulier,55,2
elle,ling_puechCTS,Pronpers,féminin,singulier,55,2
elle,ling_puechCTS,Pronpers,féminin,singulier,55,2
cette idée d'un Saussure pluriel,ling_puechCTS,GNDem,féminin,singulier,92,3
Elle,ling_puechCTS,Pronpers,féminin,singulier,93,3
cette démultiplication des figures de Saussure,ling_puechCTS,GNDem,féminin,singulier,96,3
Il,wik2_IslamCTS,Pronpers,masculin,singulier,2,1
le troisième grand courant monothéiste,wik2_IslamCTS,GND,masculin,singulier,3,1
il,wik2_IslamCTS,Pronpers,masculin,singulier,3,1
Il,wik2_IslamCTS,Pronpers,masculin,singulier,5,1
il,wik2_IslamCTS,Pronpers,masculin,singulier,6,1
Le livre sacré de l'islam,wik2_IslamCTS,GND,masculin,singulier,7,2
le Coran,wik2_IslamCTS,GND,masculin,singulier,7,2
Le Coran,wik2_IslamCTS,GND,masculin,singulier,10,2
Dieu,wik2_IslamCTS,GNI,féminin,singulier,35,4
Allah,wik2_IslamCTS,NPr,masculin,singulier,35,4
Allah,wik2_IslamCTS,NPr,masculin,singulier,35,4
Lui,wik2_IslamCTS,Pronpers,masculin,singulier,61,4
Allah,wik2_IslamCTS,NPr,masculin,singulier,61,4
Le,wik2_IslamCTS,Pronpers,masculin,singulier,66,4
Il,wik2_IslamCTS,Pronpers,masculin,singulier,67,4
ils,wik2_IslamCTS,Pronpers,masculin,pluriel,74,4
Il,wik2_IslamCTS,Pronpers,masculin,singulier,76,4
Les Anges,wik2_IslamCTS,GND,masculin,pluriel,82,5
Les anges,wik2_IslamCTS,GND,masculin,pluriel,84,5
Le Coran,wik2_IslamCTS,NPr,masculin,singulier,90,6
Le Coran,wik2_IslamCTS,NPr,masculin,singulier,90,6
le livre le plus sacré des musulmans,wik2_IslamCTS,GND,masculin,singulier,90,6
le premier livre connu à avoir été écrit en arabe,wik2_IslamCTS,GND,masculin,singulier,91,6
Il,wik2_IslamCTS,Pronpers,masculin,singulier,92,6
cette transmission,wik2_IslamCTS,GNDem,féminin,singulier,93,6
le Coran,wik2_IslamCTS,NPr,masculin,singulier,94,6
le Coran,wik2_IslamCTS,NPr,masculin,singulier,94,6
du texte,wik2_IslamCTS,GND,masculin,singulier,99,6
Il,wik2_IslamCTS,Pronpers,masculin,singulier,100,6
le Coran,wik2_IslamCTS,NPr,masculin,singulier,101,6
un livre saint,wik2_IslamCTS,GNI,masculin,singulier,101,6
ce livre,wik2_IslamCTS,GNDem,masculin,singulier,101,6
le texte,wik2_IslamCTS,GND,masculin,singulier,101,6
Le Coran,wik2_IslamCTS,NPr,masculin,singulier,102,6
une partie du Coran,wik2_IslamCTS,GNI,féminin,singulier,104,6
Cette partie,wik2_IslamCTS,GNDem,féminin,singulier,105,6
le Coran,wik2_IslamCTS,GND,masculin,singulier,108,6
les traductions,wik2_IslamCTS,GND,masculin,pluriel,108,6
le Coran lui -même,wik2_IslamCTS,GND,masculin,singulier,109,6
le Coran,wik2_IslamCTS,GND,masculin,singulier,109,6
les a appuyés,wik2_IslamCTS,GND,masculin,pluriel,115,7
Ils,wik2_IslamCTS,Pronpers,masculin,pluriel,117,7
la mission prophétique,wik2_IslamCTS,GND,féminin,singulier,117,7
Le premier,wik2_IslamCTS,GND,masculin,singulier,118,7
le dernier,wik2_IslamCTS,GND,masculin,singulier,118,7
la fonction prophétique,wik2_IslamCTS,GND,féminin,singulier,119,7
Mahomet,wik2_IslamCTS,NPr,masculin,singulier,122,8
Le chef religieux,wik2_IslamCTS,GND,masculin,singulier,124,8
Mahomet,wik2_IslamCTS,NPr,masculin,singulier,124,8
Il,wik2_IslamCTS,Pronpers,masculin,singulier,126,8
il,wik2_IslamCTS,Pronpers,masculin,singulier,126,8
Mahomet,wik2_IslamCTS,NPr,masculin,singulier,127,8
la mort de Mahomet,wik2_IslamCTS,GND,féminin,singulier,128,8
Hadiths,wik2_IslamCTS,GNIGND,masculin,pluriel,130,9
Les hadiths,wik2_IslamCTS,GND,masculin,pluriel,130,9
les recueils de hadiths,wik2_IslamCTS,GND,masculin,pluriel,131,9
Le hadith,wik2_IslamCTS,GND,masculin,singulier,132,9
les hadiths,wik2_IslamCTS,GND,masculin,pluriel,133,9
les hadiths,wik2_IslamCTS,GND,masculin,pluriel,139,9
Les hadiths,wik2_IslamCTS,GND,masculin,pluriel,146,9
Ils,wik2_IslamCTS,Pronpers,masculin,pluriel,147,9
plusieurs hadiths,wik2_IslamCTS,GNIGND,masculin,pluriel,149,9
un ensemble de règles,wik2_IslamCTS,GNI,masculin,singulier,181,10
Ces règles,wik2_IslamCTS,GNDem,féminin,pluriel,182,10
Ces règles,wik2_IslamCTS,GNDem,féminin,pluriel,182,10
d'autres règles,wik2_IslamCTS,GND,féminin,pluriel,184,10
celles -ci,wik2_IslamCTS,Prondem,féminin,pluriel,184,10
elles,wik2_IslamCTS,Pronpers,féminin,pluriel,184,10
la couleur verte,wik2_IslamCTS,GND,féminin,singulier,203,11
cette couleur,wik2_IslamCTS,GNDem,féminin,singulier,205,11
verdoyant,wik2_IslamCTS,GNI,masculin,singulier,205,11
verts,wik2_IslamCTS,GNI,masculin,pluriel,205,11
vert,wik2_IslamCTS,GNI,masculin,singulier,207,11
cette couleur,wik2_IslamCTS,GNDem,féminin,singulier,207,11
le vert,wik2_IslamCTS,GND,masculin,singulier,207,11
de cette couleur,wik2_IslamCTS,GND,féminin,singulier,207,11
de cette couleur,wik2_IslamCTS,GND,féminin,singulier,207,11
du vert,wik2_IslamCTS,GND,masculin,singulier,209,11
Le califat,wik2_IslamCTS,GND,masculin,singulier,212,12
Les califes,wik2_IslamCTS,GND,masculin,pluriel,212,12
Le porteur du titre,wik2_IslamCTS,GND,masculin,singulier,213,12
le califat,wik2_IslamCTS,GND,masculin,singulier,214,12
le calife,wik2_IslamCTS,GND,masculin,singulier,214,12
ce titre,wik2_IslamCTS,GNDem,masculin,singulier,215,12
Un seul calife,wik2_IslamCTS,GNI,masculin,singulier,216,12
le califat,wik2_IslamCTS,GND,masculin,singulier,218,12
Le calife,wik2_IslamCTS,GND,masculin,singulier,219,12
le dirigeant de l'oumma,wik2_IslamCTS,GND,masculin,singulier,219,12
Le titre khalifat rasul Allah,wik2_IslamCTS,GND,masculin,singulier,220,12
le quatrième calife,wik2_IslamCTS,GND,masculin,singulier,221,12
le calife suivant,wik2_IslamCTS,GND,masculin,singulier,222,12
de califes,wik2_IslamCTS,GND,masculin,singulier,222,12
Certains califes,wik2_IslamCTS,GNI,masculin,pluriel,223,12
Le titre,wik2_IslamCTS,GND,masculin,singulier,224,12
aucun des califes,wik2_IslamCTS,GNI,masculin,singulier,226,12
le calife,wik2_IslamCTS,GND,masculin,singulier,227,12
les premiers califes,wik2_IslamCTS,GND,masculin,pluriel,228,12
certains califes,wik2_IslamCTS,GNI,masculin,pluriel,229,12
les quatre premiers califes,wik2_IslamCTS,GND,masculin,pluriel,230,12
le titre,wik2_IslamCTS,GND,masculin,singulier,230,12
Le titre,wik2_IslamCTS,GND,masculin,singulier,232,12
le califat,wik2_IslamCTS,GND,masculin,singulier,232,12
il,wik2_IslamCTS,Pronpers,masculin,singulier,232,12
du califat,wik2_IslamCTS,GND,masculin,singulier,232,12
ce calendrier,wik2_IslamCTS,GNDem,masculin,singulier,272,13
Ce calendrier,wik2_IslamCTS,GNDem,masculin,singulier,273,13
ce calendrier,wik2_IslamCTS,GNDem,masculin,singulier,274,13
Ce calendrier,wik2_IslamCTS,GNDem,masculin,singulier,275,13
différentes écoles juridiques,wik2_IslamCTS,GNI,masculin,pluriel,286,14
d'autres,wik2_IslamCTS,GND,masculin,pluriel,287,14
Ces écoles,wik2_IslamCTS,GNDem,féminin,pluriel,288,14
Ces quatre écoles,wik2_IslamCTS,GNDem,masculin,pluriel,290,14
« marabout »,wik2_IslamCTS,NPr,masculin,singulier,303,15
murâbit,wik2_IslamCTS,NPr,masculin,singulier,303,15
Ces religieux,wik2_IslamCTS,GNDem,masculin,pluriel,304,15
Ils,wik2_IslamCTS,Pronpers,masculin,pluriel,305,15
Ils,wik2_IslamCTS,Pronpers,masculin,pluriel,305,15
des marabouts,wik2_IslamCTS,GNI,masculin,pluriel,306,15
les marabouts,wik2_IslamCTS,NPr,masculin,pluriel,307,15
le maraboutisme,wik2_IslamCTS,GND,masculin,singulier,309,15
Ils,wik2_IslamCTS,Pronpers,masculin,pluriel,309,15
le débat,geop_18CTS,GND,masculin,singulier,1,1
Il,geop_18CTS,Pronpers,masculin,singulier,2,1
le débat,geop_18CTS,GND,masculin,singulier,4,1
la discussion,geop_18CTS,GND,féminin,singulier,4,1
Ce débat,geop_18CTS,GNDem,masculin,singulier,5,1
cette discussion,geop_18CTS,GNDem,féminin,singulier,6,1
Robert Kagan,geop_18CTS,NPr,masculin,singulier,7,2
il,geop_18CTS,Pronpers,masculin,singulier,24,2
la vision de Kagan,geop_18CTS,GND,féminin,singulier,26,2
pour l'auteur lui -même,geop_18CTS,GND,féminin,singulier,26,2
l'article de Kagan,geop_18CTS,GND,masculin,singulier,28,2
l'auteur,geop_18CTS,GND,masculin,singulier,28,2
Kagan,geop_18CTS,NPr,masculin,singulier,28,2
il,geop_18CTS,Pronpers,masculin,singulier,35,2
il,geop_18CTS,Pronpers,masculin,singulier,35,2
Kagan,geop_18CTS,NPr,masculin,singulier,37,2
la puissance américaine,geop_18CTS,GND,féminin,singulier,81,3
les États-Unis,geop_18CTS,GND,masculin,pluriel,82,3
les États-Unis,geop_18CTS,GND,masculin,pluriel,82,3
Ils,geop_18CTS,Pronpers,masculin,pluriel,84,3
aux Américains,geop_18CTS,GND,masculin,singulier,178,4
ils,geop_18CTS,Pronpers,masculin,pluriel,178,4
ils,geop_18CTS,Pronpers,masculin,pluriel,179,4
L'affaire Dreyfus,wik2_affaireDreyfussCTS,GND,féminin,singulier,1,1
Cette affaire,wik2_affaireDreyfussCTS,GNDem,féminin,singulier,2,1
La révélation de ce scandale,wik2_affaireDreyfussCTS,GND,féminin,singulier,2,1
elle,wik2_affaireDreyfussCTS,Pronpers,féminin,singulier,5,1
Elle,wik2_affaireDreyfussCTS,Pronpers,féminin,singulier,6,1
Cette affaire,wik2_affaireDreyfussCTS,GNDem,féminin,singulier,7,1
elle,wik2_affaireDreyfussCTS,Pronpers,féminin,singulier,8,1
Dreyfus,wik2_affaireDreyfussCTS,NPr,masculin,pluriel,9,2
Dreyfus,wik2_affaireDreyfussCTS,NPr,masculin,pluriel,9,2
le capitaine,wik2_affaireDreyfussCTS,GND,masculin,singulier,12,2
Il,wik2_affaireDreyfussCTS,Pronpers,masculin,singulier,30,2
dreyfusiens,wik2_affaireDreyfussCTS,GNI,masculin,pluriel,33,3
ils,wik2_affaireDreyfussCTS,Pronpers,masculin,pluriel,36,3
Les dreyfusiens,wik2_affaireDreyfussCTS,GND,masculin,pluriel,37,3
Ils,wik2_affaireDreyfussCTS,Pronpers,masculin,pluriel,38,3
Ils,wik2_affaireDreyfussCTS,Pronpers,masculin,pluriel,38,3
une lettre,wik2_affaireDreyfussCTS,GNI,féminin,singulier,95,4
Cette lettre,wik2_affaireDreyfussCTS,GNDem,féminin,singulier,96,4
Elle,wik2_affaireDreyfussCTS,Pronpers,féminin,singulier,97,4
le huis,wik2_affaireDreyfussCTS,GND,masculin,singulier,165,5
le huis,wik2_affaireDreyfussCTS,GND,masculin,singulier,165,5
huis clos,wik2_affaireDreyfussCTS,GNI,masculin,pluriel,165,5
Ce huis,wik2_affaireDreyfussCTS,GNDem,masculin,singulier,169,5
de Dreyfus,wik2_affaireDreyfussCTS,GND,masculin,singulier,176,6
Dreyfus,wik2_affaireDreyfussCTS,NPr,masculin,pluriel,176,6
Dreyfus,wik2_affaireDreyfussCTS,NPr,masculin,pluriel,176,6
le prisonnier,wik2_affaireDreyfussCTS,GND,masculin,singulier,219,6
il,wik2_affaireDreyfussCTS,Pronpers,masculin,singulier,220,6
il,wik2_affaireDreyfussCTS,Pronpers,masculin,singulier,220,6
Il,wik2_affaireDreyfussCTS,Pronpers,masculin,singulier,221,6
il,wik2_affaireDreyfussCTS,Pronpers,masculin,singulier,222,6
Dreyfus,wik2_affaireDreyfussCTS,NPr,masculin,pluriel,225,6
il,wik2_affaireDreyfussCTS,Pronpers,masculin,singulier,225,6
il,wik2_affaireDreyfussCTS,Pronpers,masculin,singulier,225,6
Dreyfus,wik2_affaireDreyfussCTS,NPr,masculin,pluriel,225,6
Dreyfus,wik2_affaireDreyfussCTS,NPr,masculin,pluriel,225,6
d'Alfred Dreyfus,wik2_affaireDreyfussCTS,GND,masculin,singulier,230,6
il,wik2_affaireDreyfussCTS,Pronpers,masculin,singulier,230,6
Dreyfus,wik2_affaireDreyfussCTS,NPr,masculin,pluriel,230,6
il,wik2_affaireDreyfussCTS,Pronpers,masculin,singulier,230,6
Mathieu Dreyfus,wik2_affaireDreyfussCTS,NPr,masculin,singulier,236,7
Il,wik2_affaireDreyfussCTS,Pronpers,masculin,singulier,237,7
Mathieu,wik2_affaireDreyfussCTS,NPr,masculin,singulier,239,7
il,wik2_affaireDreyfussCTS,Pronpers,masculin,singulier,240,7
il,wik2_affaireDreyfussCTS,Pronpers,masculin,singulier,240,7
lieutenant-colonel Georges Picquart,wik2_affaireDreyfussCTS,NPr,masculin,singulier,253,8
Picquart,wik2_affaireDreyfussCTS,NPr,masculin,singulier,253,8
Il,wik2_affaireDreyfussCTS,Pronpers,masculin,singulier,254,8
Picquart,wik2_affaireDreyfussCTS,NPr,masculin,singulier,256,8
Il,wik2_affaireDreyfussCTS,Pronpers,masculin,singulier,257,8
Picquart,wik2_affaireDreyfussCTS,NPr,masculin,singulier,258,8
Mathieu Dreyfus,wik2_affaireDreyfussCTS,NPr,masculin,singulier,291,9
Ce dernier,wik2_affaireDreyfussCTS,GNDem,masculin,singulier,294,9
Mathieu Dreyfus,wik2_affaireDreyfussCTS,NPr,masculin,singulier,295,9
Esterházy,wik2_affaireDreyfussCTS,NPr,masculin,singulier,295,10
d'Esterházy,wik2_affaireDreyfussCTS,GND,masculin,singulier,314,10
le disculper,wik2_affaireDreyfussCTS,GND,masculin,singulier,321,10
Esterházy,wik2_affaireDreyfussCTS,NPr,masculin,singulier,323,10
d'Esterházy,wik2_affaireDreyfussCTS,GND,masculin,singulier,324,10
Esterházy,wik2_affaireDreyfussCTS,NPr,masculin,singulier,327,10
il,wik2_affaireDreyfussCTS,Pronpers,masculin,singulier,328,10
Zola,wik2_affaireDreyfussCTS,NPr,masculin,singulier,342,11
Premier grand intellectuel,wik2_affaireDreyfussCTS,GNI,masculin,singulier,343,11
il,wik2_affaireDreyfussCTS,Pronpers,masculin,singulier,343,11
il,wik2_affaireDreyfussCTS,Pronpers,masculin,singulier,343,11
Zola,wik2_affaireDreyfussCTS,NPr,masculin,singulier,349,11
Il,wik2_affaireDreyfussCTS,Pronpers,masculin,singulier,350,11
Godefroy Cavaignac,wik2_affaireDreyfussCTS,NPr,masculin,singulier,415,12
Il,wik2_affaireDreyfussCTS,Pronpers,masculin,singulier,416,12
Cavaignac,wik2_affaireDreyfussCTS,NPr,masculin,singulier,417,12
Il,wik2_affaireDreyfussCTS,Pronpers,masculin,singulier,418,12
Il,wik2_affaireDreyfussCTS,Pronpers,masculin,singulier,418,12
Cavaignac,wik2_affaireDreyfussCTS,NPr,masculin,singulier,420,12
discours de Cavaignac,wik2_affaireDreyfussCTS,GNI,masculin,pluriel,421,12
Cavaignac,wik2_affaireDreyfussCTS,NPr,masculin,singulier,421,12
Cavaignac,wik2_affaireDreyfussCTS,NPr,masculin,singulier,421,12
Cavaignac,wik2_affaireDreyfussCTS,NPr,masculin,singulier,421,12
Cavaignac,wik2_affaireDreyfussCTS,NPr,masculin,singulier,421,12
il,wik2_affaireDreyfussCTS,Pronpers,masculin,singulier,434,12
Le prisonnier,wik2_affaireDreyfussCTS,GND,masculin,singulier,502,13
il,wik2_affaireDreyfussCTS,Pronpers,masculin,singulier,503,13
il,wik2_affaireDreyfussCTS,Pronpers,masculin,singulier,503,13
Il,wik2_affaireDreyfussCTS,Pronpers,masculin,singulier,507,13
il,wik2_affaireDreyfussCTS,Pronpers,masculin,singulier,508,13
Il,wik2_affaireDreyfussCTS,Pronpers,masculin,singulier,509,13
ce verdict,wik2_affaireDreyfussCTS,GNDem,masculin,singulier,550,14
Ce verdict,wik2_affaireDreyfussCTS,GNDem,masculin,singulier,552,14
La cour,wik2_affaireDreyfussCTS,GND,féminin,singulier,625,15
la cour,wik2_affaireDreyfussCTS,GND,féminin,singulier,628,15
la Cour,wik2_affaireDreyfussCTS,GND,féminin,singulier,630,15
Dreyfus,wik2_affaireDreyfussCTS,NPr,masculin,pluriel,632,16
Il,wik2_affaireDreyfussCTS,Pronpers,masculin,singulier,632,16
Dreyfus,wik2_affaireDreyfussCTS,NPr,masculin,pluriel,632,16
Alfred Dreyfus,wik2_affaireDreyfussCTS,NPr,masculin,singulier,645,16
Officier de réserve,wik2_affaireDreyfussCTS,GNI,masculin,singulier,650,16
Dreyfus,wik2_affaireDreyfussCTS,NPr,masculin,pluriel,650,16
Il,wik2_affaireDreyfussCTS,Pronpers,masculin,singulier,651,16
Il,wik2_affaireDreyfussCTS,Pronpers,masculin,singulier,651,16
Le colonel,wik2_affaireDreyfussCTS,GND,masculin,singulier,653,17
Il,wik2_affaireDreyfussCTS,Pronpers,masculin,singulier,654,17
Il,wik2_affaireDreyfussCTS,Pronpers,masculin,singulier,654,17
Le journaliste austro-hongrois Théodore Herzl,wik2_affaireDreyfussCTS,GND,masculin,singulier,698,18
de Herzl,wik2_affaireDreyfussCTS,GND,masculin,singulier,699,18
Herzl,wik2_affaireDreyfussCTS,NPr,masculin,singulier,699,18
il,wik2_affaireDreyfussCTS,Pronpers,masculin,singulier,701,18
Herzl,wik2_affaireDreyfussCTS,NPr,masculin,singulier,702,18
Il,wik2_affaireDreyfussCTS,Pronpers,masculin,singulier,703,18
La montagne,wik2_paysBasqueCTS,GND,féminin,singulier,54,1
les Pyrénées,wik2_paysBasqueCTS,GND,masculin,pluriel,55,1
des Pyrénées,wik2_paysBasqueCTS,GNI,masculin,pluriel,56,1
les Pyrénées,wik2_paysBasqueCTS,GND,masculin,pluriel,57,1
la chaine Pyrénéene,wik2_paysBasqueCTS,GND,féminin,singulier,58,1
du massif,wik2_paysBasqueCTS,GND,masculin,singulier,59,1
les Pyrénées,wik2_paysBasqueCTS,GND,masculin,pluriel,62,1
Le tourisme,wik2_paysBasqueCTS,GND,masculin,singulier,157,2
Il,wik2_paysBasqueCTS,Pronpers,masculin,singulier,158,2
Le tourisme,wik2_paysBasqueCTS,GND,masculin,singulier,159,2
La langue,wik2_paysBasqueCTS,GND,féminin,singulier,229,3
La langue,wik2_paysBasqueCTS,GND,féminin,singulier,229,3
une langue,wik2_paysBasqueCTS,GNI,féminin,singulier,230,3
la langue basque,wik2_paysBasqueCTS,GND,féminin,singulier,232,3
Le basque,wik2_paysBasqueCTS,GND,masculin,singulier,233,3
le basque,wik2_paysBasqueCTS,GND,masculin,singulier,235,3
la langue,wik2_paysBasqueCTS,GND,féminin,singulier,236,3
la langue,wik2_paysBasqueCTS,GND,féminin,singulier,236,3
la langue,wik2_paysBasqueCTS,GND,féminin,singulier,236,3
L'inversion,ling_mullerCTS,GND,féminin,singulier,26,1
diverses constructions,ling_mullerCTS,GNI,féminin,pluriel,117,1
Cette inversion,ling_mullerCTS,GNDem,féminin,singulier,118,1
ce sujet,ling_mullerCTS,GNDem,masculin,singulier,119,1
L'inversion,ling_mullerCTS,GND,féminin,singulier,120,1
L'inversion,ling_mullerCTS,GND,féminin,singulier,120,1
elle,ling_mullerCTS,Pronpers,féminin,singulier,123,1
Elle,ling_mullerCTS,Pronpers,féminin,singulier,130,1
ces inversions,ling_mullerCTS,GNDem,féminin,pluriel,142,1
les inversions,ling_mullerCTS,GND,masculin,pluriel,143,1
les inversions,ling_mullerCTS,GND,masculin,pluriel,143,1
d'inversions,ling_mullerCTS,GND,féminin,pluriel,148,1
Cet ensemble de constructions,ling_mullerCTS,GNDem,masculin,singulier,157,1
construction à inversion locative,ling_mullerCTS,GNI,féminin,singulier,157,1
une élévation de la température moyenne,wik2_rechauffementClimatiqueCTS,GNI,féminin,singulier,32,1
Ce réchauffement,wik2_rechauffementClimatiqueCTS,GNDem,masculin,singulier,33,1
Ce réchauffement,wik2_rechauffementClimatiqueCTS,GNDem,masculin,singulier,33,1
Le recul,wik2_rechauffementClimatiqueCTS,GND,masculin,singulier,63,2
phase de recul,wik2_rechauffementClimatiqueCTS,GNI,féminin,singulier,63,2
Un tel recul,wik2_rechauffementClimatiqueCTS,GNI,masculin,singulier,68,2
le recul,wik2_rechauffementClimatiqueCTS,GND,masculin,singulier,70,2
le recul,wik2_rechauffementClimatiqueCTS,GND,masculin,singulier,70,2
Effet de serre,wik2_rechauffementClimatiqueCTS,GNI,masculin,singulier,114,3
L'effet de serre,wik2_rechauffementClimatiqueCTS,GND,masculin,singulier,114,3
cet effet,wik2_rechauffementClimatiqueCTS,GNDem,masculin,singulier,116,3
ce phénomène,wik2_rechauffementClimatiqueCTS,GNDem,masculin,singulier,116,3
Ces modèles,wik2_rechauffementClimatiqueCTS,GNDem,masculin,pluriel,139,4
Les plus récents,wik2_rechauffementClimatiqueCTS,GND,masculin,pluriel,140,4
Les modèles les plus récents,wik2_rechauffementClimatiqueCTS,GND,masculin,pluriel,142,4
Ces modèles,wik2_rechauffementClimatiqueCTS,GNDem,masculin,pluriel,145,4
ces modèles,wik2_rechauffementClimatiqueCTS,GNDem,masculin,pluriel,146,4
les modèles climatiques,wik2_rechauffementClimatiqueCTS,GND,masculin,pluriel,148,4
La montée des eaux,wik2_rechauffementClimatiqueCTS,GND,féminin,singulier,171,5
une montée du niveau des océans,wik2_rechauffementClimatiqueCTS,GNI,féminin,singulier,171,5
La montée du niveau des eaux,wik2_rechauffementClimatiqueCTS,GND,féminin,singulier,174,5
L'élévation,wik2_rechauffementClimatiqueCTS,GND,masculin,singulier,177,5
L'élévation,wik2_rechauffementClimatiqueCTS,GND,masculin,singulier,177,5
Une montée des eaux,wik2_rechauffementClimatiqueCTS,GNI,féminin,singulier,179,5
La montée du niveau moyen de la mer,wik2_rechauffementClimatiqueCTS,GND,féminin,singulier,179,5
La circulation thermohaline,wik2_rechauffementClimatiqueCTS,GND,féminin,singulier,183,6
La circulation,wik2_rechauffementClimatiqueCTS,GND,féminin,singulier,183,6
Ce phénomène,wik2_rechauffementClimatiqueCTS,GNDem,masculin,singulier,184,6
Les réchauffements locaux,wik2_rechauffementClimatiqueCTS,GND,masculin,pluriel,209,7
ces réchauffements,wik2_rechauffementClimatiqueCTS,GNDem,masculin,pluriel,210,7
les hydrates de méthane,wik2_rechauffementClimatiqueCTS,GND,masculin,pluriel,232,8
Le méthane,wik2_rechauffementClimatiqueCTS,GND,masculin,singulier,233,8
Il,wik2_rechauffementClimatiqueCTS,Pronpers,masculin,singulier,234,8
le méthane,wik2_rechauffementClimatiqueCTS,GND,masculin,singulier,236,8
La montée du niveau de la mer,wik2_rechauffementClimatiqueCTS,GND,féminin,singulier,297,9
Elle,wik2_rechauffementClimatiqueCTS,Pronpers,féminin,singulier,298,9
ce phénomène,wik2_rechauffementClimatiqueCTS,GNDem,masculin,singulier,299,9
cette montée,wik2_rechauffementClimatiqueCTS,GNDem,féminin,singulier,300,9
Le Comité économique et social européen,wik2_rechauffementClimatiqueCTS,GND,masculin,singulier,314,10
Le comité,wik2_rechauffementClimatiqueCTS,GND,masculin,singulier,316,10
Le comité,wik2_rechauffementClimatiqueCTS,GND,masculin,singulier,316,10
Le comité,wik2_rechauffementClimatiqueCTS,GND,masculin,singulier,316,10
le paludisme,wik2_rechauffementClimatiqueCTS,GND,masculin,singulier,337,11
cette maladie,wik2_rechauffementClimatiqueCTS,GNDem,féminin,singulier,338,11
Il,wik2_rechauffementClimatiqueCTS,Pronpers,masculin,singulier,339,11
La Convention Cadre des Nations unies sur les changements climatiques,wik2_rechauffementClimatiqueCTS,GND,féminin,singulier,367,12
Elle,wik2_rechauffementClimatiqueCTS,Pronpers,féminin,singulier,368,12
Elle,wik2_rechauffementClimatiqueCTS,Pronpers,féminin,singulier,368,12
Le mécanisme,wik2_rechauffementClimatiqueCTS,GND,masculin,singulier,380,13
Ce mécanisme,wik2_rechauffementClimatiqueCTS,GNDem,masculin,singulier,381,13
Il,wik2_rechauffementClimatiqueCTS,Pronpers,masculin,singulier,382,13
Il,wik2_rechauffementClimatiqueCTS,Pronpers,masculin,singulier,382,13
L'UE,wik2_rechauffementClimatiqueCTS,NPr,féminin,singulier,388,14
L'Union européenne,wik2_rechauffementClimatiqueCTS,NPr,féminin,singulier,388,14
L'UE,wik2_rechauffementClimatiqueCTS,GND,féminin,singulier,388,14
La Commission européenne,wik2_rechauffementClimatiqueCTS,GND,féminin,singulier,390,14
la commission,wik2_rechauffementClimatiqueCTS,GND,féminin,singulier,392,14
L'UE,wik2_rechauffementClimatiqueCTS,NPr,féminin,singulier,398,14
L'UE,wik2_rechauffementClimatiqueCTS,NPr,féminin,singulier,398,14
il,wik2_rechauffementClimatiqueCTS,Pronpers,masculin,singulier,410,15
il,wik2_rechauffementClimatiqueCTS,Pronpers,masculin,singulier,410,15
la Chine,wik2_rechauffementClimatiqueCTS,NPr,féminin,singulier,415,16
La Chine,wik2_rechauffementClimatiqueCTS,NPr,féminin,singulier,447,16
ils,geop_8CTS,Pronpers,masculin,pluriel,16,1
ils,geop_8CTS,Pronpers,masculin,pluriel,16,1
la stratégie individuelle du Président Bush,geop_8CTS,GND,féminin,singulier,22,2
Il,geop_8CTS,Pronpers,masculin,singulier,23,2
cette participation individuelle,geop_8CTS,GNDem,féminin,singulier,24,2
le comportement du Président,geop_8CTS,GND,masculin,singulier,26,2
le Président,geop_8CTS,GND,masculin,singulier,28,3
Il,geop_8CTS,Pronpers,masculin,singulier,40,3
Il,geop_8CTS,Pronpers,masculin,singulier,40,3
le Parti démocrate,geop_8CTS,GND,masculin,singulier,43,4
les responsables du parti,geop_8CTS,GND,masculin,pluriel,44,4
côté démocrate,geop_8CTS,GNI,féminin,singulier,45,4
Les responsables démocrates,geop_8CTS,GND,masculin,pluriel,46,4
les démocrates,geop_8CTS,GND,masculin,pluriel,47,4
Nancy Patricia d'Alesandro Pelosi,geop_8CTS,NPr,féminin,singulier,56,5
Elle,geop_8CTS,Pronpers,féminin,singulier,57,5
Elle,geop_8CTS,Pronpers,féminin,singulier,57,5
elle,geop_8CTS,Pronpers,féminin,singulier,59,5
Elle,geop_8CTS,Pronpers,féminin,singulier,60,5
elle,geop_8CTS,Pronpers,féminin,singulier,61,5
Tom Daschle,geop_8CTS,NPr,masculin,singulier,81,6
Daschle,geop_8CTS,NPr,masculin,singulier,81,6
Il,geop_8CTS,Pronpers,masculin,singulier,85,6
Daschle,geop_8CTS,NPr,masculin,singulier,89,6
la Commission,geop_15CTS,GND,féminin,singulier,8,1
elle,geop_15CTS,Pronpers,féminin,singulier,15,1
La Commission,geop_15CTS,GND,féminin,singulier,25,1
la Commission,geop_15CTS,GND,féminin,singulier,34,1
la Commission,geop_15CTS,GND,féminin,singulier,34,1
elle,geop_15CTS,Pronpers,féminin,singulier,35,1
la Commission,geop_15CTS,GND,féminin,singulier,35,1
Parlement,geop_15CTS,GNI,masculin,singulier,41,2
le Parlement,geop_15CTS,GND,masculin,singulier,41,2
Le Parlement,geop_15CTS,GND,masculin,singulier,44,2
il,geop_15CTS,Pronpers,masculin,singulier,45,2
Une autre agence,geop_15CTS,GNI,féminin,singulier,91,3
l'AEE,geop_15CTS,GNI,féminin,singulier,94,3
La crédibilité,geop_15CTS,GND,féminin,singulier,214,4
Elle,geop_15CTS,Pronpers,féminin,singulier,215,4
Cette crédibilité,geop_15CTS,GNDem,féminin,singulier,216,4
la Communauté européenne,geop_15CTS,GND,féminin,singulier,228,5
L'Union,geop_15CTS,GND,féminin,singulier,229,5
La Communauté,geop_15CTS,GND,féminin,singulier,230,5
elle,geop_15CTS,Pronpers,féminin,singulier,232,5
l'Administration Reagan,geop_15CTS,GND,féminin,singulier,234,6
La Maison-Blanche,geop_15CTS,NPr,féminin,singulier,235,6
Les Etats-Unis,geop_15CTS,GND,masculin,pluriel,236,6
La position des Etats-Unis,geop_15CTS,GND,féminin,singulier,238,6
l'analyse du discours,ling_mangenotCTS,GND,féminin,singulier,67,1
celle -ci,ling_mangenotCTS,Prondem,féminin,singulier,78,1
Elle,ling_mangenotCTS,Pronpers,féminin,singulier,79,1
Les attentats du 11 septembre,geop_27CTS,GND,masculin,pluriel,1,1
Ils,geop_27CTS,Pronpers,masculin,pluriel,2,1
Les événements du 11 septembre,geop_27CTS,GND,masculin,pluriel,4,1
La non- revendication des attentats,geop_27CTS,GND,féminin,singulier,29,2
Elle,geop_27CTS,Pronpers,féminin,singulier,30,2
elle,geop_27CTS,Pronpers,féminin,singulier,30,2
Les attentats de New York,geop_27CTS,GND,masculin,pluriel,32,3
Ils,geop_27CTS,Pronpers,masculin,pluriel,33,3
ces attentats,geop_27CTS,GNDem,masculin,pluriel,40,3
Le progrès technique,geop_27CTS,GND,masculin,singulier,71,4
le progrès technique,geop_27CTS,GND,masculin,singulier,72,4
La technique,geop_27CTS,GND,féminin,singulier,73,4
la technique,geop_27CTS,GND,féminin,singulier,73,4
états membres,geop_27CTS,GNI,masculin,pluriel,104,5
l'Union,geop_27CTS,GND,féminin,singulier,104,5
l'Union,geop_27CTS,GND,féminin,singulier,104,5
elle,geop_27CTS,Pronpers,féminin,singulier,106,5
l'Union,geop_27CTS,GND,féminin,singulier,107,5
L'Alliance atlantique,geop_27CTS,NPr,féminin,singulier,108,6
elle,geop_27CTS,Pronpers,féminin,singulier,108,6
l'Organisation des Nations unies,geop_27CTS,NPr,féminin,singulier,111,7
l'organisation mondiale,geop_27CTS,GND,féminin,singulier,112,7
l'ONU,geop_27CTS,GND,féminin,singulier,113,7
La mondialisation,geop_17CTS,GND,féminin,singulier,2,1
L'ouverture croissante au commerce et aux flux de capitaux,geop_17CTS,GND,féminin,singulier,3,1
La mondialisation,geop_17CTS,GND,féminin,singulier,4,1
Le bilan de deux décennies de mondialisation,geop_17CTS,GND,masculin,singulier,5,1
la déréglementation,geop_17CTS,GND,féminin,singulier,34,2
la déréglementation,geop_17CTS,GND,féminin,singulier,34,2
Le processus,geop_17CTS,GND,masculin,singulier,35,2
déréglementation,geop_17CTS,GNI,féminin,singulier,36,2
La mondialisation,geop_17CTS,GND,féminin,singulier,118,3
Cette plus grande mobilité,geop_17CTS,GNDem,féminin,singulier,136,3
Elle,geop_17CTS,Pronpers,féminin,singulier,137,3
la mondialisation,geop_17CTS,GND,féminin,singulier,138,3
La mondialisation,geop_17CTS,GND,féminin,singulier,139,3
Elle,geop_17CTS,Pronpers,féminin,singulier,140,3
La question des liens entre linguistique française et cognition,ling_fuchsCTS,GND,féminin,singulier,1,1
la question,ling_fuchsCTS,GND,féminin,singulier,2,1
Le paradigme classique,ling_fuchsCTS,GND,masculin,singulier,31,2
Il,ling_fuchsCTS,Pronpers,masculin,singulier,32,2
ce cognitivisme,ling_fuchsCTS,GNDem,masculin,singulier,34,2
Ce paradigme classique,ling_fuchsCTS,GNDem,masculin,singulier,35,2
Les grammaires cognitives,ling_fuchsCTS,GND,masculin,pluriel,43,3
cet autre courant,ling_fuchsCTS,GNDem,masculin,singulier,44,3
ces théories,ling_fuchsCTS,GNDem,masculin,pluriel,47,3
la linguistique dite cognitive,ling_fuchsCTS,GND,féminin,singulier,48,3
la linguistique dite cognitive,ling_fuchsCTS,GND,féminin,singulier,48,3
ces deux courants,ling_fuchsCTS,GNDem,masculin,pluriel,64,4
ils,ling_fuchsCTS,Pronpers,masculin,pluriel,65,4
ils,ling_fuchsCTS,Pronpers,masculin,pluriel,65,4
la recherche d'une mécanique psychique à l'oeuvre dans la langue,ling_fuchsCTS,GND,féminin,singulier,67,5
cette élaboration,ling_fuchsCTS,GNDem,féminin,singulier,68,5
elle,ling_fuchsCTS,Pronpers,féminin,singulier,69,5
les beatniks,wik2_hippieCTS,GND,masculin,pluriel,22,1
Ils,wik2_hippieCTS,Pronpers,masculin,pluriel,23,1
Ils,wik2_hippieCTS,Pronpers,masculin,pluriel,23,1
le festival de Woodstock,wik2_hippieCTS,GND,masculin,singulier,66,2
Il,wik2_hippieCTS,Pronpers,masculin,singulier,67,2
il,wik2_hippieCTS,Pronpers,masculin,singulier,68,2
Le festival,wik2_hippieCTS,GND,masculin,singulier,69,2
les hippies,wik2_hippieCTS,GND,masculin,pluriel,85,3
Ils,wik2_hippieCTS,Pronpers,masculin,pluriel,86,3
Ils,wik2_hippieCTS,Pronpers,masculin,pluriel,86,3
Les hippies,wik2_hippieCTS,GND,masculin,pluriel,90,4
les hippies,wik2_hippieCTS,GND,masculin,pluriel,91,4
Ils,wik2_hippieCTS,Pronpers,masculin,pluriel,92,4
les communautés,wik2_hippieCTS,GND,masculin,pluriel,114,5
Les communautés,wik2_hippieCTS,GND,masculin,pluriel,114,5
Elles,wik2_hippieCTS,Pronpers,féminin,pluriel,117,5
les unes,wik2_hippieCTS,GND,masculin,pluriel,118,5
la plupart,wik2_hippieCTS,GND,féminin,singulier,119,5
Le LSD,wik2_hippieCTS,GND,masculin,singulier,132,6
Le LSD,wik2_hippieCTS,GND,masculin,singulier,132,6
il,wik2_hippieCTS,Pronpers,masculin,singulier,134,6
il,wik2_hippieCTS,Pronpers,masculin,singulier,134,6
La musique,wik2_hippieCTS,GND,féminin,singulier,167,7
La musique,wik2_hippieCTS,GND,féminin,singulier,167,7
La révolution hippie,wik2_hippieCTS,GND,féminin,singulier,216,8
elle,wik2_hippieCTS,Pronpers,féminin,singulier,217,8
elle,wik2_hippieCTS,Pronpers,féminin,singulier,217,8
La draisienne,wik2_bicycletteCTS,GND,féminin,singulier,15,1
Cet engin,wik2_bicycletteCTS,GNDem,féminin,singulier,16,1
la draisienne,wik2_bicycletteCTS,GND,féminin,singulier,19,1
Les pneumatiques,wik2_bicycletteCTS,GND,masculin,pluriel,93,2
La largeur et les sculptures des pneumatiques,wik2_bicycletteCTS,GND,féminin,singulier,94,2
des pneus,wik2_bicycletteCTS,GNI,masculin,pluriel,94,2
Ceux -ci,wik2_bicycletteCTS,Prondem,masculin,singulier,95,2
les bicyclettes,wik2_bicycletteCTS,GND,masculin,pluriel,125,3
La bicyclette,wik2_bicycletteCTS,GND,féminin,singulier,127,3
l'utilise,wik2_bicycletteCTS,GND,masculin,singulier,128,3
La bicyclette,wik2_bicycletteCTS,GND,féminin,singulier,132,3
de vélos,wik2_bicycletteCTS,GND,masculin,singulier,133,3
la bicyclette,wik2_bicycletteCTS,GND,féminin,singulier,133,3
de bicyclettes,wik2_bicycletteCTS,GND,masculin,singulier,134,3
le vélo,wik2_bicycletteCTS,GND,masculin,singulier,135,3
parcs à vélos,wik2_bicycletteCTS,GNI,masculin,pluriel,136,3
L'usage du vélo,wik2_bicycletteCTS,GND,masculin,singulier,142,4
la bicyclette,wik2_bicycletteCTS,GND,féminin,singulier,144,4
la bicyclette,wik2_bicycletteCTS,GND,féminin,singulier,144,4
Le vélo,wik2_bicycletteCTS,GND,masculin,singulier,148,5
Il,wik2_bicycletteCTS,Pronpers,masculin,singulier,149,5
il,wik2_bicycletteCTS,Pronpers,masculin,singulier,150,5
il,wik2_bicycletteCTS,Pronpers,masculin,singulier,150,5
Le cycliste,wik2_bicycletteCTS,GND,masculin,singulier,164,6
il,wik2_bicycletteCTS,Pronpers,masculin,singulier,165,6
les cyclistes,wik2_bicycletteCTS,GND,masculin,pluriel,167,6
Cette étude,geop_13CTS,GNDem,féminin,singulier,5,1
cette étude,geop_13CTS,GNDem,féminin,singulier,9,1
la politique pétrolière des Etats-Unis,geop_13CTS,GND,féminin,singulier,13,2
Cette politique,geop_13CTS,GNDem,féminin,singulier,14,2
Cette politique,geop_13CTS,GNDem,féminin,singulier,14,2
l'interventionnisme pétrolier,geop_13CTS,GND,masculin,singulier,16,2
Les politiques de protection des consommateurs,geop_13CTS,GND,masculin,pluriel,17,2
la politique pétrolière des Etats-Unis,geop_13CTS,GND,féminin,singulier,18,2
Elle,geop_13CTS,Pronpers,féminin,singulier,19,2
Cette politique,geop_13CTS,GNDem,féminin,singulier,20,2
la politique pétrolière américaine,geop_13CTS,GND,féminin,singulier,21,2
cette politique,geop_13CTS,GNDem,féminin,singulier,22,2
un rapport,geop_13CTS,GNI,masculin,singulier,23,3
Ce document,geop_13CTS,GNDem,masculin,singulier,24,3
Ce rapport,geop_13CTS,GNDem,masculin,singulier,25,3
cette progression,geop_13CTS,GNDem,féminin,singulier,50,4
Le rythme de croissance,geop_13CTS,GND,masculin,singulier,51,4
le taux de croissance annuel moyen,geop_13CTS,GND,masculin,singulier,52,4
Ce taux de croissance,geop_13CTS,GNDem,masculin,singulier,54,4
La part de la consommation d'énergie primaire couverte par le pétrole,geop_13CTS,GND,féminin,singulier,61,5
cette part,geop_13CTS,GNDem,féminin,singulier,63,5
elle,geop_13CTS,Pronpers,féminin,singulier,63,5
les importations,geop_13CTS,GND,masculin,pluriel,114,6
Les importations,geop_13CTS,GND,masculin,pluriel,150,6
Toutes ces mesures,geop_13CTS,GNI,féminin,pluriel,161,7
elles,geop_13CTS,Pronpers,féminin,pluriel,161,7
Elles,geop_13CTS,Pronpers,féminin,pluriel,161,7
elles,geop_13CTS,Pronpers,féminin,pluriel,161,7
l'étude de Jean-Claude Chevalier et Pierre Encrevé,ling_poibeauCTS,GND,féminin,singulier,6,1
Ce livre,ling_poibeauCTS,GNDem,masculin,singulier,7,1
L'étude initiale de Chevalier et Encrevé,ling_poibeauCTS,GND,féminin,singulier,8,1
ces entretiens,ling_poibeauCTS,GNDem,masculin,pluriel,9,1
le livre des deux auteurs,ling_poibeauCTS,GND,masculin,singulier,10,1
les entretiens,ling_poibeauCTS,GND,masculin,pluriel,10,1
ils,ling_poibeauCTS,Pronpers,masculin,pluriel,10,1
ils,ling_poibeauCTS,Pronpers,masculin,pluriel,10,1
grammaire comparée,ling_poibeauCTS,GNI,féminin,singulier,42,2
La grammaire comparée,ling_poibeauCTS,GND,féminin,singulier,64,2
La grammaire comparée,ling_poibeauCTS,GND,féminin,singulier,64,2
la grammaire comparée,ling_poibeauCTS,GND,féminin,singulier,71,2
une théorie globale sur la langue,ling_poibeauCTS,GNI,féminin,singulier,122,3
Ce nouveau champ,ling_poibeauCTS,GNDem,masculin,singulier,123,3
Ces analyses,ling_poibeauCTS,GNDem,féminin,pluriel,124,3
Ce renouveau,ling_poibeauCTS,GNDem,masculin,singulier,126,3
Cet essor,ling_poibeauCTS,GNDem,masculin,singulier,131,3
Le gouvernement,geop_4CTS,GND,masculin,singulier,8,1
le Premier ministre,geop_4CTS,GND,masculin,singulier,9,1
Le gouvernement,geop_4CTS,GND,masculin,singulier,9,1
Benyamin Netanyahou,geop_4CTS,NPr,masculin,singulier,11,1
Les deux scénarios,geop_4CTS,GND,masculin,pluriel,95,2
Ces deux cas de figure,geop_4CTS,GNDem,masculin,pluriel,96,2
Hafez al-Assad,geop_4CTS,NPr,masculin,singulier,130,3
le président Assad,geop_4CTS,GND,masculin,singulier,144,3
Benyamin Netanyahou,geop_4CTS,NPr,masculin,singulier,157,4
Premier ministre,geop_4CTS,GNI,masculin,singulier,158,4
Le Premier ministre,geop_4CTS,GND,masculin,singulier,163,4
Premier ministre,geop_4CTS,GNI,masculin,singulier,163,4
Benyamin Netanyahou,geop_4CTS,NPr,masculin,singulier,165,4
ce scénario,geop_4CTS,GNDem,masculin,singulier,171,5
Il,geop_4CTS,Pronpers,masculin,singulier,172,5
Uri Lubrani,geop_4CTS,NPr,masculin,singulier,209,6
Il,geop_4CTS,Pronpers,masculin,singulier,210,6
Il,geop_4CTS,Pronpers,masculin,singulier,210,6
L'État libanais,geop_4CTS,GND,masculin,singulier,236,7
Il,geop_4CTS,Pronpers,masculin,singulier,237,7
le président Assad,geop_4CTS,NPr,masculin,singulier,239,8
Il,geop_4CTS,Pronpers,masculin,singulier,240,8
Le président Assad,geop_4CTS,NPr,masculin,singulier,242,8
il,geop_4CTS,Pronpers,masculin,singulier,250,8
Il,geop_4CTS,Pronpers,masculin,singulier,250,8
Ehoud Barak,geop_4CTS,NPr,masculin,singulier,269,9
il,geop_4CTS,Pronpers,masculin,singulier,270,9
il,geop_4CTS,Pronpers,masculin,singulier,270,9
il,geop_4CTS,Pronpers,masculin,singulier,270,9
Hafez al-Assad,geop_4CTS,NPr,masculin,singulier,274,10
le président,geop_4CTS,GND,masculin,singulier,275,10
les marchands de draps,wik2_histoireCapitalismeCTS,GND,masculin,pluriel,9,1
Ils,wik2_histoireCapitalismeCTS,Pronpers,masculin,pluriel,10,1
Ils,wik2_histoireCapitalismeCTS,Pronpers,masculin,pluriel,10,1
ils,wik2_histoireCapitalismeCTS,Pronpers,masculin,pluriel,12,1
elle,wik2_histoireCapitalismeCTS,Pronpers,féminin,singulier,68,2
Elle,wik2_histoireCapitalismeCTS,Pronpers,féminin,singulier,69,2
Le nouveau système technique,wik2_histoireCapitalismeCTS,GND,masculin,singulier,72,3
Il,wik2_histoireCapitalismeCTS,Pronpers,masculin,singulier,73,3
Ce système,wik2_histoireCapitalismeCTS,GNDem,masculin,singulier,74,3
la Hollande,wik2_histoireCapitalismeCTS,NPr,féminin,singulier,84,4
elle,wik2_histoireCapitalismeCTS,Pronpers,féminin,singulier,84,4
Elle,wik2_histoireCapitalismeCTS,Pronpers,féminin,singulier,85,4
elle,wik2_histoireCapitalismeCTS,Pronpers,féminin,singulier,86,4
l'impression sur toile,wik2_histoireCapitalismeCTS,GND,féminin,singulier,113,5
Cette dernière,wik2_histoireCapitalismeCTS,GNDem,féminin,singulier,114,5
Elle,wik2_histoireCapitalismeCTS,Pronpers,féminin,singulier,115,5
elle,wik2_histoireCapitalismeCTS,Pronpers,féminin,singulier,116,5
capitalisme américain,wik2_histoireCapitalismeCTS,GNI,masculin,singulier,330,6
Le capitalisme américain,wik2_histoireCapitalismeCTS,GND,masculin,singulier,330,6
le capitalisme américain,wik2_histoireCapitalismeCTS,GND,masculin,singulier,332,6
Venise,wik2_histoireCapitalismeCTS,NPr,féminin,singulier,457,7
Venise,wik2_histoireCapitalismeCTS,NPr,féminin,singulier,457,7
« capital humain »,wik2_histoireCapitalismeCTS,GNI,masculin,singulier,479,8
la forme de capital,wik2_histoireCapitalismeCTS,GND,féminin,singulier,481,8
Il,wik2_histoireCapitalismeCTS,Pronpers,masculin,singulier,482,8
Ce capital,wik2_histoireCapitalismeCTS,GNDem,masculin,singulier,483,8
le capital humain,wik2_histoireCapitalismeCTS,GND,masculin,singulier,486,8
Le capital humain,wik2_histoireCapitalismeCTS,GND,masculin,singulier,488,8
La distinction,ling_barbazanCTS,GND,féminin,singulier,101,1
Cette dissociation,ling_barbazanCTS,GNDem,féminin,singulier,102,1
une connotation oppositionnelle,ling_barbazanCTS,GNI,féminin,singulier,132,2
Ceci,ling_barbazanCTS,Prondem,féminin,singulier,133,2
Cette dichotomie,ling_barbazanCTS,GNDem,féminin,singulier,134,2
trois pôles,ling_barbazanCTS,Pronpers,masculin,pluriel,148,3
La dimension,ling_barbazanCTS,GND,féminin,singulier,149,3
La dimension,ling_barbazanCTS,GND,féminin,singulier,149,3
La dimension,ling_barbazanCTS,GND,féminin,singulier,149,3
ces dimensions,ling_barbazanCTS,GNDem,féminin,pluriel,155,3
aucune des trois,ling_barbazanCTS,GNI,féminin,singulier,156,3
les autres,ling_barbazanCTS,GND,masculin,pluriel,156,3
ces trois dimensions,ling_barbazanCTS,GNDem,féminin,pluriel,157,3
elles,ling_barbazanCTS,Pronpers,féminin,pluriel,157,3
chaque dimension,ling_barbazanCTS,GNI,féminin,singulier,158,3
deux autres,ling_barbazanCTS,GND,féminin,singulier,158,3
multi-dimensionnelle,ling_barbazanCTS,GNI,féminin,singulier,159,3
ces trois dimensions,ling_barbazanCTS,GNDem,féminin,pluriel,159,3
connecteurs,ling_barbazanCTS,GNI,masculin,pluriel,180,4
connecteur,ling_barbazanCTS,GNI,masculin,singulier,198,4
les connecteurs,ling_barbazanCTS,GND,masculin,pluriel,201,4
ils,ling_barbazanCTS,Pronpers,masculin,pluriel,202,4
l'adverbe bien,ling_barbazanCTS,GND,masculin,singulier,204,5
Il,ling_barbazanCTS,Pronpers,masculin,singulier,205,5
Il,ling_barbazanCTS,Pronpers,masculin,singulier,205,5
Goodwin,ling_bresCTS,NPr,masculin,singulier,4,1
L'auteur,ling_bresCTS,GND,masculin,singulier,36,1
Goodwin,ling_bresCTS,NPr,masculin,singulier,36,1
la plupart des Etats,geop_20CTS,GND,féminin,singulier,24,1
les Etats,geop_20CTS,GND,masculin,pluriel,24,1
les Etats,geop_20CTS,GND,masculin,pluriel,24,1
43 Etats,geop_20CTS,GNI,masculin,singulier,25,1
les Etats,geop_20CTS,GND,masculin,pluriel,25,2
les autorités,geop_20CTS,GND,masculin,pluriel,138,2
les Etats,geop_20CTS,GND,masculin,pluriel,147,2
Etats,geop_20CTS,GNI,masculin,pluriel,147,2
Les Etats,geop_20CTS,GND,masculin,pluriel,150,2
augmentations des impôts,geop_20CTS,GNI,féminin,pluriel,158,3
l'augmentation,geop_20CTS,GND,féminin,singulier,158,3
l'augmentation,geop_20CTS,GND,féminin,singulier,158,3
l'augmentation,geop_20CTS,GND,féminin,singulier,158,3
d'augmenter les revenus,geop_20CTS,GND,féminin,singulier,160,3
hausse des impôts,geop_20CTS,GNI,féminin,singulier,160,3
hausses les moins visibles,geop_20CTS,GNI,féminin,pluriel,161,3
un certain renouveau,ling_rainerCTS,GNI,masculin,singulier,4,1
Renouveau,ling_rainerCTS,GNI,masculin,singulier,5,1
Ce renouveau,ling_rainerCTS,GNDem,masculin,singulier,6,1
Les manuels,ling_rainerCTS,GND,masculin,pluriel,13,2
Les manuels,ling_rainerCTS,GND,masculin,pluriel,13,2
ces manuels,ling_rainerCTS,GNDem,masculin,pluriel,16,2
l'écrit,ling_colasBlaiseCTS,GND,masculin,singulier,1,1
Il,ling_colasBlaiseCTS,Pronpers,masculin,singulier,3,1
il,ling_colasBlaiseCTS,Pronpers,masculin,singulier,3,1
Le champ,ling_colasBlaiseCTS,GND,masculin,singulier,21,2
il,ling_colasBlaiseCTS,Pronpers,masculin,singulier,22,2
il,ling_colasBlaiseCTS,Pronpers,masculin,singulier,22,2
la notion de praxis,ling_colasBlaiseCTS,GND,féminin,singulier,96,3
La praxis,ling_colasBlaiseCTS,GND,féminin,singulier,97,3
elle,ling_colasBlaiseCTS,Pronpers,féminin,singulier,97,3
elle,ling_colasBlaiseCTS,Pronpers,féminin,singulier,97,3
Elle,ling_colasBlaiseCTS,Pronpers,féminin,singulier,98,3
le tiret,ling_colasBlaiseCTS,GND,masculin,singulier,128,4
la propension du tiret,ling_colasBlaiseCTS,GND,féminin,singulier,156,4
le tiret,ling_colasBlaiseCTS,GND,masculin,singulier,157,4
il,ling_colasBlaiseCTS,Pronpers,masculin,singulier,166,4
Jules César,wik2_julesCesarCTS,NPr,masculin,pluriel,1,1
il,wik2_julesCesarCTS,Pronpers,masculin,singulier,8,1
il,wik2_julesCesarCTS,Pronpers,masculin,singulier,8,1
Il,wik2_julesCesarCTS,Pronpers,masculin,singulier,9,1
Il,wik2_julesCesarCTS,Pronpers,masculin,singulier,9,1
Jules César,wik2_julesCesarCTS,NPr,masculin,pluriel,11,2
Jules César,wik2_julesCesarCTS,NPr,masculin,pluriel,11,2
Jules César,wik2_julesCesarCTS,NPr,masculin,pluriel,11,2
César,wik2_julesCesarCTS,NPr,masculin,singulier,11,2
César,wik2_julesCesarCTS,NPr,masculin,singulier,11,2
lui,wik2_julesCesarCTS,Pronpers,masculin,singulier,29,2
que César,wik2_julesCesarCTS,NPr,masculin,singulier,54,2
César,wik2_julesCesarCTS,NPr,masculin,singulier,54,2
César,wik2_julesCesarCTS,NPr,masculin,singulier,54,2
Il,wik2_julesCesarCTS,Pronpers,masculin,singulier,54,2
César,wik2_julesCesarCTS,NPr,masculin,singulier,54,2
la réputation de César,wik2_julesCesarCTS,GND,féminin,singulier,69,2
César,wik2_julesCesarCTS,NPr,masculin,singulier,69,2
César,wik2_julesCesarCTS,NPr,masculin,singulier,69,2
César,wik2_julesCesarCTS,NPr,masculin,singulier,69,2
César,wik2_julesCesarCTS,NPr,masculin,singulier,69,2
il,wik2_julesCesarCTS,Pronpers,masculin,singulier,76,2
César,wik2_julesCesarCTS,NPr,masculin,singulier,77,2
il,wik2_julesCesarCTS,Pronpers,masculin,singulier,78,2
il,wik2_julesCesarCTS,Pronpers,masculin,singulier,78,2
il,wik2_julesCesarCTS,Pronpers,masculin,singulier,78,2
César,wik2_julesCesarCTS,NPr,masculin,singulier,80,2
César,wik2_julesCesarCTS,NPr,masculin,singulier,80,3
il,wik2_julesCesarCTS,Pronpers,masculin,singulier,89,3
il,wik2_julesCesarCTS,Pronpers,masculin,singulier,89,3
César,wik2_julesCesarCTS,NPr,masculin,singulier,91,3
il,wik2_julesCesarCTS,Pronpers,masculin,singulier,94,3
il,wik2_julesCesarCTS,Pronpers,masculin,singulier,94,3
César,wik2_julesCesarCTS,NPr,masculin,singulier,98,3
César,wik2_julesCesarCTS,NPr,masculin,singulier,100,3
Il,wik2_julesCesarCTS,Pronpers,masculin,singulier,106,3
César,wik2_julesCesarCTS,NPr,masculin,singulier,108,3
il,wik2_julesCesarCTS,Pronpers,masculin,singulier,111,3
César,wik2_julesCesarCTS,NPr,masculin,singulier,112,3
il,wik2_julesCesarCTS,Pronpers,masculin,singulier,118,3
César,wik2_julesCesarCTS,NPr,masculin,singulier,120,3
il,wik2_julesCesarCTS,Pronpers,masculin,singulier,121,3
Il,wik2_julesCesarCTS,Pronpers,masculin,singulier,123,3
César,wik2_julesCesarCTS,NPr,masculin,singulier,124,3
L'homme le plus en vue,wik2_julesCesarCTS,GND,masculin,singulier,126,4
Pompée,wik2_julesCesarCTS,NPr,masculin,singulier,126,4
Pompée,wik2_julesCesarCTS,NPr,masculin,singulier,126,4
il,wik2_julesCesarCTS,Pronpers,masculin,singulier,128,4
Pompée,wik2_julesCesarCTS,NPr,masculin,singulier,128,4
César,wik2_julesCesarCTS,NPr,masculin,singulier,133,5
César,wik2_julesCesarCTS,NPr,masculin,singulier,133,5
César,wik2_julesCesarCTS,NPr,masculin,singulier,133,5
il,wik2_julesCesarCTS,Pronpers,masculin,singulier,139,5
contre César,wik2_julesCesarCTS,NPr,masculin,singulier,140,5
à César,wik2_julesCesarCTS,NPr,masculin,singulier,141,5
César,wik2_julesCesarCTS,NPr,masculin,singulier,141,5
il,wik2_julesCesarCTS,Pronpers,masculin,singulier,143,5
il,wik2_julesCesarCTS,Pronpers,masculin,singulier,143,5
il,wik2_julesCesarCTS,Pronpers,masculin,singulier,143,5
à César,wik2_julesCesarCTS,NPr,masculin,singulier,147,5
César,wik2_julesCesarCTS,NPr,masculin,singulier,147,5
César,wik2_julesCesarCTS,NPr,masculin,singulier,147,5
César,wik2_julesCesarCTS,NPr,masculin,singulier,147,5
César,wik2_julesCesarCTS,NPr,masculin,singulier,147,5
à César,wik2_julesCesarCTS,NPr,masculin,singulier,147,5
César,wik2_julesCesarCTS,NPr,masculin,singulier,147,5
César,wik2_julesCesarCTS,NPr,masculin,singulier,147,5
César,wik2_julesCesarCTS,NPr,masculin,singulier,147,6
César,wik2_julesCesarCTS,NPr,masculin,singulier,147,6
César,wik2_julesCesarCTS,NPr,masculin,singulier,157,6
Il,wik2_julesCesarCTS,Pronpers,masculin,singulier,159,6
il,wik2_julesCesarCTS,Pronpers,masculin,singulier,159,6
il,wik2_julesCesarCTS,Pronpers,masculin,singulier,159,6
César,wik2_julesCesarCTS,NPr,masculin,singulier,161,6
César,wik2_julesCesarCTS,NPr,masculin,singulier,161,6
César,wik2_julesCesarCTS,NPr,masculin,singulier,161,6
de César,wik2_julesCesarCTS,GND,masculin,singulier,167,6
César,wik2_julesCesarCTS,NPr,masculin,singulier,167,6
César,wik2_julesCesarCTS,NPr,masculin,singulier,167,6
de César,wik2_julesCesarCTS,GND,masculin,singulier,167,6
César,wik2_julesCesarCTS,NPr,masculin,singulier,167,6
à César,wik2_julesCesarCTS,NPr,masculin,singulier,182,6
César,wik2_julesCesarCTS,NPr,masculin,singulier,182,6
il,wik2_julesCesarCTS,Pronpers,masculin,singulier,186,6
César,wik2_julesCesarCTS,NPr,masculin,singulier,190,6
pour César,wik2_julesCesarCTS,NPr,masculin,singulier,195,6
Jules César,wik2_julesCesarCTS,NPr,masculin,pluriel,201,6
César,wik2_julesCesarCTS,NPr,masculin,singulier,201,6
César,wik2_julesCesarCTS,NPr,masculin,singulier,201,6
il,wik2_julesCesarCTS,Pronpers,masculin,singulier,201,6
César,wik2_julesCesarCTS,NPr,masculin,singulier,201,6
il,wik2_julesCesarCTS,Pronpers,masculin,singulier,201,6
César,wik2_julesCesarCTS,NPr,masculin,singulier,208,6
il,wik2_julesCesarCTS,Pronpers,masculin,singulier,208,6
il,wik2_julesCesarCTS,Pronpers,masculin,singulier,208,6
il,wik2_julesCesarCTS,Pronpers,masculin,singulier,208,6
César,wik2_julesCesarCTS,NPr,masculin,singulier,208,6
il,wik2_julesCesarCTS,Pronpers,masculin,singulier,208,6
César,wik2_julesCesarCTS,NPr,masculin,singulier,208,7
il,wik2_julesCesarCTS,Pronpers,masculin,singulier,208,7
à César,wik2_julesCesarCTS,NPr,masculin,singulier,232,7
César,wik2_julesCesarCTS,NPr,masculin,singulier,232,7
Il,wik2_julesCesarCTS,Pronpers,masculin,singulier,248,7
César,wik2_julesCesarCTS,NPr,masculin,singulier,249,7
contre César,wik2_julesCesarCTS,NPr,masculin,singulier,250,7
César,wik2_julesCesarCTS,NPr,masculin,singulier,250,7
il,wik2_julesCesarCTS,Pronpers,masculin,singulier,253,7
le,wik2_julesCesarCTS,Pronpers,masculin,singulier,254,7
il,wik2_julesCesarCTS,Pronpers,masculin,singulier,255,7
César,wik2_julesCesarCTS,NPr,masculin,singulier,257,7
César,wik2_julesCesarCTS,NPr,masculin,singulier,257,7
César,wik2_julesCesarCTS,NPr,masculin,singulier,257,7
il,wik2_julesCesarCTS,Pronpers,masculin,singulier,265,7
il,wik2_julesCesarCTS,Pronpers,masculin,singulier,265,7
César,wik2_julesCesarCTS,NPr,masculin,singulier,265,7
à César,wik2_julesCesarCTS,NPr,masculin,singulier,271,7
César,wik2_julesCesarCTS,NPr,masculin,singulier,271,7
il,wik2_julesCesarCTS,Pronpers,masculin,singulier,272,7
César,wik2_julesCesarCTS,NPr,masculin,singulier,273,7
Il,wik2_julesCesarCTS,Pronpers,masculin,singulier,276,7
César,wik2_julesCesarCTS,NPr,masculin,singulier,277,7
César,wik2_julesCesarCTS,NPr,masculin,singulier,277,7
César,wik2_julesCesarCTS,NPr,masculin,singulier,277,7
Il,wik2_julesCesarCTS,Pronpers,masculin,singulier,283,7
César,wik2_julesCesarCTS,NPr,masculin,singulier,284,7
Il,wik2_julesCesarCTS,Pronpers,masculin,singulier,287,7
conquêtes de César,wik2_julesCesarCTS,NPr,masculin,pluriel,290,7
César,wik2_julesCesarCTS,NPr,masculin,singulier,290,8
de César,wik2_julesCesarCTS,GND,masculin,singulier,290,8
César,wik2_julesCesarCTS,NPr,masculin,singulier,290,8
César,wik2_julesCesarCTS,NPr,masculin,singulier,290,8
César,wik2_julesCesarCTS,NPr,masculin,singulier,290,8
le char de César,wik2_julesCesarCTS,GND,masculin,singulier,298,8
César,wik2_julesCesarCTS,NPr,masculin,singulier,298,8
que César,wik2_julesCesarCTS,NPr,masculin,singulier,301,8
César,wik2_julesCesarCTS,NPr,masculin,singulier,301,8
Il,wik2_julesCesarCTS,Pronpers,masculin,singulier,304,8
Il,wik2_julesCesarCTS,Pronpers,masculin,singulier,304,8
César,wik2_julesCesarCTS,NPr,masculin,singulier,311,9
que César,wik2_julesCesarCTS,NPr,masculin,singulier,320,9
il,wik2_julesCesarCTS,Pronpers,masculin,singulier,321,9
César,wik2_julesCesarCTS,NPr,masculin,singulier,324,9
César,wik2_julesCesarCTS,NPr,masculin,singulier,324,9
César,wik2_julesCesarCTS,NPr,masculin,singulier,324,9
César,wik2_julesCesarCTS,NPr,masculin,singulier,324,9
il,wik2_julesCesarCTS,Pronpers,masculin,singulier,329,9
Il,wik2_julesCesarCTS,Pronpers,masculin,singulier,330,9
de César,wik2_julesCesarCTS,GND,masculin,singulier,332,9
à César,wik2_julesCesarCTS,NPr,masculin,singulier,333,9
César,wik2_julesCesarCTS,NPr,masculin,singulier,333,9
Il,wik2_julesCesarCTS,Pronpers,masculin,singulier,335,9
César,wik2_julesCesarCTS,NPr,masculin,singulier,337,9
il,wik2_julesCesarCTS,Pronpers,masculin,singulier,337,9
César,wik2_julesCesarCTS,NPr,masculin,singulier,337,9
à César,wik2_julesCesarCTS,NPr,masculin,singulier,356,10
César,wik2_julesCesarCTS,NPr,masculin,singulier,356,10
il,wik2_julesCesarCTS,Pronpers,masculin,singulier,362,10
César,wik2_julesCesarCTS,NPr,masculin,singulier,362,10
César,wik2_julesCesarCTS,NPr,masculin,singulier,362,10
César,wik2_julesCesarCTS,NPr,masculin,singulier,362,11
Il,wik2_julesCesarCTS,Pronpers,masculin,singulier,378,11
César,wik2_julesCesarCTS,NPr,masculin,singulier,378,11
il,wik2_julesCesarCTS,Pronpers,masculin,singulier,378,11
Le père de Jules César,wik2_julesCesarCTS,GND,masculin,singulier,533,12
il,wik2_julesCesarCTS,Pronpers,masculin,singulier,539,12
Il,wik2_julesCesarCTS,Pronpers,masculin,singulier,549,12
elle,wik2_julesCesarCTS,Pronpers,féminin,singulier,561,13
elle,wik2_julesCesarCTS,Pronpers,féminin,singulier,561,13
César,wik2_julesCesarCTS,NPr,masculin,singulier,566,14
Il,wik2_julesCesarCTS,Pronpers,masculin,singulier,591,14
Il,wik2_julesCesarCTS,Pronpers,masculin,singulier,591,14
César,wik2_julesCesarCTS,NPr,masculin,singulier,591,14
pour César,wik2_julesCesarCTS,NPr,masculin,singulier,642,14
Le penchant de César,wik2_julesCesarCTS,GND,masculin,singulier,643,14
L'entrée de la Syrie dans le processus de paix,geop_6CTS,GND,féminin,singulier,8,1
Elle,geop_6CTS,Pronpers,féminin,singulier,9,1
Elle,geop_6CTS,Pronpers,féminin,singulier,9,1
Le Liban,geop_6CTS,NPr,masculin,singulier,17,2
le Liban,geop_6CTS,NPr,masculin,singulier,18,2
lui,geop_6CTS,Pronpers,masculin,singulier,19,2
il,geop_6CTS,Pronpers,masculin,singulier,19,2
le Liban,geop_6CTS,NPr,masculin,singulier,20,2
le Liban,geop_6CTS,NPr,masculin,singulier,20,2
cet argumentaire,geop_6CTS,GNDem,masculin,singulier,21,3
L'argumentaire,geop_6CTS,GND,masculin,singulier,22,3
"la "" troïka "" présidentielle",geop_6CTS,NPr,féminin,singulier,59,4
Elle,geop_6CTS,Pronpers,féminin,singulier,60,4
Elle,geop_6CTS,Pronpers,féminin,singulier,60,4
la structure constitutionnelle libanaise,geop_6CTS,GND,féminin,singulier,62,4
Damas,geop_6CTS,NPr,féminin,pluriel,64,5
Elle,geop_6CTS,Pronpers,féminin,singulier,65,5
Damas,geop_6CTS,NPr,féminin,pluriel,68,5
L'armée libanaise,geop_6CTS,GND,féminin,singulier,86,6
l'armée,geop_6CTS,GND,féminin,singulier,87,6
elle,geop_6CTS,Pronpers,féminin,singulier,88,6
elle,geop_6CTS,Pronpers,féminin,singulier,88,6
l'armée,geop_6CTS,GND,féminin,singulier,88,6
elle,geop_6CTS,Pronpers,féminin,singulier,88,6
l'armée,geop_6CTS,GND,féminin,singulier,88,7
l'armée,geop_6CTS,GND,féminin,singulier,88,7
l'armée,geop_6CTS,GND,féminin,singulier,88,7
elle,geop_6CTS,Pronpers,féminin,singulier,88,7
Ce dispositif,geop_10CTS,GNDem,masculin,singulier,10,1
Il,geop_10CTS,Pronpers,masculin,singulier,11,1
il,geop_10CTS,Pronpers,masculin,singulier,12,1
Le régime,geop_10CTS,GND,masculin,singulier,13,2
il,geop_10CTS,Pronpers,masculin,singulier,14,2
Il,geop_10CTS,Pronpers,masculin,singulier,15,2
l'Armée,geop_10CTS,GND,féminin,singulier,31,3
elle,geop_10CTS,Pronpers,féminin,singulier,35,3
elle,geop_10CTS,Pronpers,féminin,singulier,35,3
la Garde,geop_10CTS,GND,féminin,singulier,83,4
elle,geop_10CTS,Pronpers,féminin,singulier,86,4
La Garde,geop_10CTS,GND,féminin,singulier,87,4
Elle,geop_10CTS,Pronpers,féminin,singulier,90,4
elle,geop_10CTS,Pronpers,féminin,singulier,91,4
la Garde,geop_10CTS,GND,féminin,singulier,92,4
la Garde républicaine spéciale,geop_10CTS,GND,féminin,singulier,94,5
elle,geop_10CTS,Pronpers,féminin,singulier,95,5
elle,geop_10CTS,Pronpers,féminin,singulier,95,5
La Garde républicaine spéciale,geop_10CTS,GND,féminin,singulier,98,5
Les origines de la Sécurité spéciale,geop_10CTS,GND,masculin,pluriel,99,5
la,geop_10CTS,Pronpers,féminin,singulier,99,5
la Sécurité,geop_10CTS,GND,féminin,singulier,99,5
la Sécurité,geop_10CTS,GND,féminin,singulier,99,5
elle,geop_10CTS,Pronpers,féminin,singulier,107,5
la Garde,geop_10CTS,GND,féminin,singulier,110,5
La Sécurité,geop_10CTS,GND,féminin,singulier,113,5
le régime,geop_10CTS,GND,masculin,singulier,122,6
il,geop_10CTS,Pronpers,masculin,singulier,167,6
il,geop_10CTS,Pronpers,masculin,singulier,167,6
Le régime,geop_10CTS,GND,masculin,singulier,169,6
Il,geop_10CTS,Pronpers,masculin,singulier,170,6
Noam Chomsky,wik2_noamChomskyCTS,NPr,masculin,singulier,1,1
Noam Chomsky,wik2_noamChomskyCTS,NPr,masculin,singulier,1,1
il,wik2_noamChomskyCTS,Pronpers,masculin,singulier,2,1
Il,wik2_noamChomskyCTS,Pronpers,masculin,singulier,3,1
Chomsky,wik2_noamChomskyCTS,NPr,masculin,singulier,4,1
Chomsky,wik2_noamChomskyCTS,NPr,masculin,singulier,4,1
Il,wik2_noamChomskyCTS,Pronpers,masculin,singulier,7,1
Il,wik2_noamChomskyCTS,Pronpers,masculin,singulier,7,1
Noam Chomsky,wik2_noamChomskyCTS,NPr,masculin,singulier,11,1
il,wik2_noamChomskyCTS,Pronpers,masculin,singulier,12,1
Chomsky,wik2_noamChomskyCTS,NPr,masculin,singulier,14,1
Il,wik2_noamChomskyCTS,Pronpers,masculin,singulier,14,1
Chomsky,wik2_noamChomskyCTS,NPr,masculin,singulier,14,2
Chomsky,wik2_noamChomskyCTS,NPr,masculin,singulier,14,2
il,wik2_noamChomskyCTS,Pronpers,masculin,singulier,23,2
il,wik2_noamChomskyCTS,Pronpers,masculin,singulier,23,2
Chomsky,wik2_noamChomskyCTS,NPr,masculin,singulier,25,2
il,wik2_noamChomskyCTS,Pronpers,masculin,singulier,27,2
Chomsky,wik2_noamChomskyCTS,NPr,masculin,singulier,30,2
Chomsky,wik2_noamChomskyCTS,NPr,masculin,singulier,30,2
Chomsky,wik2_noamChomskyCTS,NPr,masculin,singulier,30,2
il,wik2_noamChomskyCTS,Pronpers,masculin,singulier,35,2
Chomsky,wik2_noamChomskyCTS,NPr,masculin,singulier,36,2
il,wik2_noamChomskyCTS,Pronpers,masculin,singulier,37,2
il,wik2_noamChomskyCTS,Pronpers,masculin,singulier,37,2
Chomsky,wik2_noamChomskyCTS,NPr,masculin,singulier,38,2
il,wik2_noamChomskyCTS,Pronpers,masculin,singulier,40,2
il,wik2_noamChomskyCTS,Pronpers,masculin,singulier,40,2
Chomsky,wik2_noamChomskyCTS,NPr,masculin,singulier,41,2
Chomsky,wik2_noamChomskyCTS,NPr,masculin,singulier,41,2
Chomsky,wik2_noamChomskyCTS,NPr,masculin,singulier,41,3
Il,wik2_noamChomskyCTS,Pronpers,masculin,singulier,57,3
Chomsky,wik2_noamChomskyCTS,NPr,masculin,singulier,61,4
Chomsky,wik2_noamChomskyCTS,NPr,masculin,singulier,61,4
Chomsky,wik2_noamChomskyCTS,NPr,masculin,singulier,61,4
Il,wik2_noamChomskyCTS,Pronpers,masculin,singulier,73,4
il,wik2_noamChomskyCTS,Pronpers,masculin,singulier,89,4
Chomsky,wik2_noamChomskyCTS,NPr,masculin,singulier,90,5
Il,wik2_noamChomskyCTS,Pronpers,masculin,singulier,128,5
Chomsky,wik2_noamChomskyCTS,NPr,masculin,singulier,132,5
Chomsky,wik2_noamChomskyCTS,NPr,masculin,singulier,132,5
L'affaire,wik2_scandaleDeWatergateCTS,GND,féminin,singulier,2,1
Elle,wik2_scandaleDeWatergateCTS,Pronpers,féminin,singulier,2,1
L'affaire,wik2_scandaleDeWatergateCTS,GND,féminin,singulier,2,1
George McGovern,wik2_scandaleDeWatergateCTS,NPr,masculin,singulier,24,2
Il,wik2_scandaleDeWatergateCTS,Pronpers,masculin,singulier,24,2
ils,wik2_scandaleDeWatergateCTS,Pronpers,masculin,pluriel,50,3
ils,wik2_scandaleDeWatergateCTS,Pronpers,masculin,pluriel,50,3
Il,wik2_scandaleDeWatergateCTS,Pronpers,masculin,singulier,53,4
Il,wik2_scandaleDeWatergateCTS,Pronpers,masculin,singulier,53,4
Nixon,wik2_scandaleDeWatergateCTS,NPr,masculin,singulier,64,5
Nixon,wik2_scandaleDeWatergateCTS,NPr,masculin,singulier,64,5
il,wik2_scandaleDeWatergateCTS,Pronpers,masculin,singulier,104,5
Il,wik2_scandaleDeWatergateCTS,Pronpers,masculin,singulier,117,5
il,wik2_scandaleDeWatergateCTS,Pronpers,masculin,singulier,126,5
Nixon,wik2_scandaleDeWatergateCTS,NPr,masculin,singulier,127,5
Nixon,wik2_scandaleDeWatergateCTS,NPr,masculin,singulier,127,5
Il,wik2_scandaleDeWatergateCTS,Pronpers,masculin,singulier,140,6
Cette affaire,wik2_scandaleDeWatergateCTS,GNDem,féminin,singulier,160,6
Elle,wik2_scandaleDeWatergateCTS,Pronpers,féminin,singulier,161,6
Le scandale,wik2_scandaleDeWatergateCTS,GND,masculin,singulier,162,6
terme de « complément »,ling_bouardCTS,GNI,masculin,singulier,1,1
Le terme de complément,ling_bouardCTS,GND,masculin,singulier,2,1
le terme,ling_bouardCTS,GND,masculin,singulier,5,1
le « complément »,ling_bouardCTS,GND,masculin,singulier,6,1
« complément »,ling_bouardCTS,GNI,masculin,singulier,6,1
le terme,ling_bouardCTS,GND,masculin,singulier,8,1
La notion d'« invention »,ling_bouardCTS,GND,féminin,singulier,15,2
l'invention,ling_bouardCTS,GND,féminin,singulier,18,2
la notion d'« invention »,ling_bouardCTS,GND,féminin,singulier,19,2
« invention »,ling_bouardCTS,GND,féminin,singulier,19,2
les deux termes,ling_bouardCTS,GND,masculin,pluriel,21,2
La notion d'invention,ling_bouardCTS,GND,féminin,singulier,24,2
La notion de régime,ling_bouardCTS,GND,féminin,singulier,42,3
La notion médiévale de rection,ling_bouardCTS,GND,féminin,singulier,42,3
le terme de régir,ling_bouardCTS,GND,masculin,singulier,44,3
Le régime,ling_bouardCTS,GND,masculin,singulier,45,3
Le terme,ling_bouardCTS,GND,masculin,singulier,48,3
Les prépositions,ling_bouardCTS,GND,masculin,pluriel,56,4
Elles,ling_bouardCTS,Pronpers,féminin,pluriel,59,4
la préposition,ling_bouardCTS,GND,féminin,singulier,64,4
Les prépositions,ling_bouardCTS,GND,masculin,pluriel,68,4
elles,ling_bouardCTS,Pronpers,féminin,pluriel,172,4
le xxe siècle,wik2_artCTS,GND,masculin,singulier,29,1
Il,wik2_artCTS,Pronpers,masculin,singulier,30,1
Il,wik2_artCTS,Pronpers,masculin,singulier,30,1
de son art,wik2_artCTS,GND,féminin,singulier,77,2
L'art olmèque,wik2_artCTS,GND,masculin,singulier,78,2
Les artistes olmèques,wik2_artCTS,GND,masculin,pluriel,79,2
Il,wik2_artCTS,Pronpers,masculin,singulier,96,3
les,wik2_artCTS,Pronpers,masculin,pluriel,97,3
Les artistes,wik2_artCTS,GND,masculin,pluriel,107,4
ils,wik2_artCTS,Pronpers,masculin,pluriel,108,4
les artistes,wik2_artCTS,GND,masculin,pluriel,111,4
des maîtres,wik2_artCTS,GNI,féminin,pluriel,112,4
Certains d'entre eux,wik2_artCTS,GNI,féminin,pluriel,113,4
la Renaissance,wik2_artCTS,GND,féminin,singulier,129,5
cette période,wik2_artCTS,GNDem,féminin,singulier,130,5
Elle,wik2_artCTS,Pronpers,féminin,singulier,131,5
elle,wik2_artCTS,Pronpers,féminin,singulier,131,5
elle,wik2_artCTS,Pronpers,féminin,singulier,131,5
elle,wik2_artCTS,Pronpers,féminin,singulier,131,5
les artistes,wik2_artCTS,GND,masculin,pluriel,147,6
L'artiste,wik2_artCTS,GND,masculin,singulier,147,6
il,wik2_artCTS,Pronpers,masculin,singulier,148,6
s'il,wik2_artCTS,Pronpers,masculin,singulier,149,6
il,wik2_artCTS,Pronpers,masculin,singulier,149,6
certains artistes,wik2_artCTS,GNI,masculin,pluriel,150,6
les artistes,wik2_artCTS,GND,masculin,pluriel,151,6
Marcel Duchamp,wik2_artCTS,NPr,masculin,singulier,158,7
Il,wik2_artCTS,Pronpers,masculin,singulier,159,7
Duchamp,wik2_artCTS,NPr,masculin,singulier,161,7
il,wik2_artCTS,Pronpers,masculin,singulier,161,7
de nombreux artistes,wik2_artCTS,GND,masculin,singulier,163,8
Ils,wik2_artCTS,Pronpers,masculin,pluriel,164,8
ils,wik2_artCTS,Pronpers,masculin,pluriel,165,8
L'art,wik2_artCTS,GND,masculin,singulier,183,9
l'art,wik2_artCTS,GND,masculin,singulier,196,9
Il,wik2_artCTS,Pronpers,masculin,singulier,211,9
la forme,wik2_artCTS,GND,féminin,singulier,272,10
Elle,wik2_artCTS,Pronpers,féminin,singulier,273,10
Mythe et magie,wik2_artCTS,GNI,masculin,singulier,334,11
s'ils,wik2_artCTS,Pronpers,masculin,pluriel,334,11
Ils,wik2_artCTS,Pronpers,masculin,pluriel,335,11
L'art,wik2_artCTS,GND,masculin,singulier,336,12
Il,wik2_artCTS,Pronpers,masculin,singulier,337,12
L'art,wik2_artCTS,GND,masculin,singulier,338,12
l'art,wik2_artCTS,GND,masculin,singulier,339,12
Il,wik2_artCTS,Pronpers,masculin,singulier,340,12
Le linguiste norvégien Einar Haugen,ling_lodgeCTS,GND,masculin,singulier,1,1
Haugen,ling_lodgeCTS,NPr,masculin,singulier,1,1
L'approche néogrammairienne,ling_lodgeCTS,GND,féminin,singulier,13,2
Les Néogrammairiens,ling_lodgeCTS,GND,masculin,pluriel,13,2
les linguistes de cette école,ling_lodgeCTS,GND,masculin,pluriel,14,2
Ferdinand Brunot,ling_lodgeCTS,NPr,masculin,singulier,16,2
Les Néogrammairiens,ling_lodgeCTS,GND,masculin,pluriel,20,2
les Néogrammairiens,ling_lodgeCTS,GND,masculin,pluriel,21,2
l'école néogrammairienne,ling_lodgeCTS,GND,féminin,singulier,23,2
